,keyword,sentence_ID,xlm_K-rank,xlm_K-sim,xlm_S-rank,xlm_S-sim,dist_K-rank,dist_K-sim,dist_S-rank,dist_S-sim
0,asistencia técnica,00a55af_79,1316,0.47,1,1.0,15000,0.0,1,1.0
1,asistencia técnica,15169f7_74,1408,0.47,2,1.0,15000,0.0,2,0.97
2,asistencia técnica,3416cbf_67,249,0.57,1209,0.61,64,0.28,1102,0.33
3,asistencia técnica,3c8c7a4_66,4642,0.38,545,0.66,82,0.27,15000,0.0
4,asistencia técnica,48bdadf_160,1023,0.49,414,0.67,30,0.32,1059,0.33
5,asistencia técnica,48bdadf_162,2880,0.41,2300,0.56,153,0.24,539,0.37
6,asistencia técnica,499d53d_51,787,0.5,4318,0.51,14,0.4,1488,0.31
7,asistencia técnica,66d8c54_80,1409,0.47,3,1.0,15000,0.0,3,0.97
8,asistencia técnica,6a85bfd_11,15000,0.0,368,0.68,15000,0.0,557,0.37
9,asistencia técnica,7eab6c1_52,183,0.58,612,0.65,17,0.37,3057,0.27
10,asistencia técnica,88ad2ff_51,184,0.58,613,0.65,18,0.37,3058,0.27
11,asistencia técnica,901a837_63,8211,0.33,702,0.64,163,0.24,235,0.41
12,asistencia técnica,901a837_81,6220,0.35,564,0.66,177,0.23,979,0.34
13,asistencia técnica,902bedc_41,3571,0.4,1402,0.6,314,0.2,1750,0.3
14,asistencia técnica,902bedc_58,4050,0.39,503,0.66,86,0.27,15000,0.0
15,asistencia técnica,b8dd82f_15,2616,0.42,390,0.68,155,0.24,141,0.43
16,asistencia técnica,e18d168_244,15000,0.0,6979,0.45,15000,0.0,3784,0.25
17,asistencia técnica,e18d168_247,15000,0.0,4105,0.51,40,0.31,1063,0.33
18,asistencia técnica,ee138a1_13,15000,0.0,8349,0.42,44,0.3,4257,0.24
19,ayuda,00a55af_61,880,0.39,1,1.0,12,0.22,1,1.0
20,ayuda,15169f7_58,881,0.39,2,1.0,13,0.22,2,1.0
21,ayuda,17252d8_50,1843,0.35,2235,0.62,15000,0.0,15000,0.0
22,ayuda,29c84d6_47,1732,0.35,2912,0.6,15000,0.0,15000,0.0
23,ayuda,303730b_146,15000,0.0,15000,0.0,15000,0.0,15000,0.0
24,ayuda,323ef51_92,8815,0.24,6388,0.53,15000,0.0,15000,0.0
25,ayuda,4e220b5_119,744,0.39,3253,0.59,11,0.23,262,0.31
26,ayuda,66d8c54_62,882,0.39,3,1.0,14,0.22,3,1.0
27,ayuda,889f980_555,2863,0.32,6554,0.52,15000,0.0,15000,0.0
28,ayuda,8e81fe2_558,4921,0.29,9301,0.48,15000,0.0,15000,0.0
29,ayuda,930897c_161,2043,0.34,3069,0.6,15000,0.0,15000,0.0
30,ayuda,b8ff0ff_93,1425,0.36,1666,0.64,15000,0.0,15000,0.0
31,ayuda,e2bb383_230,2958,0.32,8280,0.5,15000,0.0,15000,0.0
32,ayuda,ea91c69_93,2044,0.34,3070,0.6,15000,0.0,15000,0.0
33,bono,00a55af_80,15000,0.0,1,1.0,15000,0.0,1,1.0
34,bono,15169f7_75,15000,0.0,2,1.0,15000,0.0,2,0.99
35,bono,66d8c54_81,15000,0.0,6,0.86,15000,0.0,3,0.78
36,bono,d44820b_34,15000,0.0,9703,0.45,15000,0.0,15000,0.0
37,bono,d44820b_51,15000,0.0,6521,0.5,15000,0.0,15000,0.0
38,crédito,0f03aa3_641,5,0.52,1,1.0,37,0.26,1,1.0
39,crédito,0f03aa3_552,6,0.52,2,1.0,38,0.26,2,1.0
40,crédito,0f03aa3_725,425,0.36,24,0.68,67,0.23,9,0.96
41,crédito,0f03aa3_1077,346,0.37,13,0.7,15000,0.0,11,0.96
42,crédito,0f03aa3_803,301,0.37,12,0.71,48,0.25,8,0.98
43,crédito,0f03aa3_939,426,0.36,25,0.68,68,0.23,10,0.96
44,crédito,0f03aa3_1142,302,0.37,9,0.72,57,0.24,7,0.98
45,crédito,1cd36a0_11,15000,0.0,15000,0.0,15000,0.0,15000,0.0
46,crédito,1cd36a0_15,15000,0.0,15000,0.0,15000,0.0,15000,0.0
47,crédito,21dcf30_155,15000,0.0,6693,0.41,15000,0.0,15000,0.0
48,crédito,265c79d_67,7,0.52,3,1.0,39,0.26,3,1.0
49,crédito,2947ddf_114,8,0.52,4,1.0,40,0.26,4,1.0
50,crédito,2947ddf_137,9,0.52,5,1.0,41,0.26,5,1.0
51,crédito,2b97317_113,15000,0.0,5782,0.42,15000,0.0,15000,0.0
52,crédito,3294386_14,15000,0.0,15000,0.0,15000,0.0,15000,0.0
53,crédito,3294386_15,2854,0.26,9820,0.38,15000,0.0,15000,0.0
54,crédito,3294386_24,15000,0.0,15000,0.0,15000,0.0,15000,0.0
55,crédito,5ea6d0c_197,113,0.42,7,0.85,65,0.23,12,0.93
56,crédito,5ea6d0c_148,10,0.52,6,1.0,42,0.26,6,1.0
57,crédito,643a949_7,138,0.41,39,0.66,45,0.26,841,0.27
58,crédito,643a949_10,296,0.38,149,0.6,15000,0.0,15000,0.0
59,crédito,643a949_18,192,0.4,652,0.54,5,0.33,742,0.28
60,crédito,643a949_26,1575,0.29,574,0.55,15000,0.0,15000,0.0
61,crédito,643a949_28,29,0.47,117,0.61,61,0.24,2036,0.21
62,crédito,70be962_15,77,0.43,27,0.68,75,0.21,1817,0.22
63,crédito,70be962_31,57,0.44,118,0.61,47,0.25,1687,0.22
64,crédito,70be962_64,140,0.41,179,0.6,15000,0.0,15000,0.0
65,crédito,70be962_87,2763,0.26,1469,0.5,15000,0.0,15000,0.0
66,crédito,70be962_92,939,0.32,360,0.57,15000,0.0,15000,0.0
67,crédito,70be962_93,499,0.35,852,0.53,15000,0.0,2023,0.21
68,crédito,70be962_94,12,0.52,15,0.7,16,0.3,532,0.32
69,crédito,70be962_96,544,0.34,851,0.53,15000,0.0,15000,0.0
70,crédito,70be962_97,44,0.45,34,0.67,13,0.3,15000,0.0
71,crédito,70be962_98,1,0.67,22,0.69,1,0.57,557,0.32
72,crédito,753300f_275,1649,0.29,52,0.64,15000,0.0,510,0.33
73,crédito,a9bb3c2_28,3,0.63,102,0.62,6,0.33,471,0.35
74,crédito,d44820b_21,4097,0.23,1075,0.52,15000,0.0,15000,0.0
75,crédito,d44820b_25,15000,0.0,2950,0.46,64,0.23,15000,0.0
76,crédito,d44820b_29,15000,0.0,1619,0.5,15000,0.0,15000,0.0
77,crédito,d44820b_30,1040,0.31,318,0.58,15000,0.0,1467,0.23
78,crédito,d44820b_31,5085,0.22,1167,0.51,15000,0.0,2365,0.2
79,crédito,d44820b_32,2035,0.28,525,0.55,55,0.24,1214,0.24
80,crédito,d44820b_33,5357,0.22,1536,0.5,15000,0.0,15000,0.0
81,crédito,d44820b_38,558,0.34,1525,0.5,21,0.29,15000,0.0
82,crédito,d44820b_40,36,0.46,441,0.56,14,0.3,15000,0.0
83,crédito,d44820b_53,5322,0.22,919,0.53,71,0.21,15000,0.0
84,crédito,d44820b_58,13,0.52,21,0.69,51,0.24,2209,0.21
85,crédito,d44820b_59,4079,0.23,459,0.56,15000,0.0,15000,0.0
86,crédito,d44820b_62,3153,0.25,134,0.61,15000,0.0,2381,0.2
87,crédito,d44820b_66,450,0.36,32,0.68,72,0.21,1027,0.25
88,crédito,d44820b_67,15000,0.0,3189,0.46,15000,0.0,1217,0.24
89,crédito,d44820b_69,2660,0.26,2077,0.48,78,0.21,15000,0.0
90,crédito,d44820b_70,826,0.32,15000,0.0,63,0.23,15000,0.0
91,crédito,d44820b_71,56,0.44,8,0.73,44,0.26,613,0.31
92,crédito,e18d168_245,996,0.31,9315,0.38,15000,0.0,15000,0.0
93,crédito,e18d168_246,66,0.44,1784,0.49,54,0.24,474,0.35
94,crédito,e2bb383_181,152,0.4,480,0.55,15000,0.0,15000,0.0
95,crédito,e3b7f39_195,15000,0.0,3115,0.46,15000,0.0,559,0.32
96,crédito,e3b7f39_233,322,0.37,1921,0.49,25,0.28,1804,0.22
97,crédito,f082837_3,15000,0.0,15000,0.0,15000,0.0,15000,0.0
98,crédito,f082837_6,15000,0.0,15000,0.0,15000,0.0,15000,0.0
99,crédito,f082837_10,15000,0.0,15000,0.0,15000,0.0,15000,0.0
100,crédito,f082837_11,5338,0.22,2613,0.47,15000,0.0,979,0.26
101,crédito,f082837_18,2721,0.26,6679,0.41,15000,0.0,15000,0.0
102,deducción,70be962_34,15000,0.0,1,1.0,15000,0.0,1,1.0
103,deducción,a63e3ea_260,15000,0.0,15000,0.0,15000,0.0,1966,0.21
104,devolución,19a0f82_88,15000,0.0,1,1.0,15000,0.0,1,1.0
105,devolución,375de0b_83,401,0.5,1198,0.57,15000,0.0,15000,0.0
106,devolución,375de0b_96,4942,0.32,2781,0.52,15000,0.0,15000,0.0
107,devolución,375de0b_102,15000,0.0,15000,0.0,15000,0.0,15000,0.0
108,devolución,375de0b_103,6490,0.3,15000,0.0,15000,0.0,6773,0.25
109,devolución,e18d168_306,3675,0.34,1136,0.57,15000,0.0,2371,0.34
110,incentivo,00a55af_32,3195,0.37,1,1.0,15000,0.0,1,1.0
111,incentivo,00a55af_75,246,0.52,112,0.82,15000,0.0,119,0.52
112,incentivo,00a55af_82,2237,0.4,75,0.84,15000,0.0,1011,0.38
113,incentivo,0d090c5_34,591,0.47,1207,0.69,15000,0.0,2734,0.28
114,incentivo,15169f7_31,3196,0.37,2,1.0,15000,0.0,2,1.0
115,incentivo,15169f7_71,232,0.52,100,0.82,15000,0.0,120,0.52
116,incentivo,15169f7_77,2238,0.4,76,0.84,15000,0.0,1012,0.38
117,incentivo,2369a4b_74,3584,0.37,1272,0.68,15000,0.0,1221,0.37
118,incentivo,48bdadf_142,2675,0.39,5280,0.53,15000,0.0,15000,0.0
119,incentivo,48bdadf_204,446,0.49,1125,0.69,15000,0.0,3038,0.27
120,incentivo,51a0d9e_30,64,0.58,3144,0.6,13,0.26,3080,0.27
121,incentivo,5bd487f_10,4294,0.35,251,0.79,15000,0.0,220,0.48
122,incentivo,5bd487f_18,423,0.49,27,0.86,15000,0.0,224,0.48
123,incentivo,5bd487f_21,27,0.6,171,0.81,2,0.36,413,0.44
124,incentivo,5c54e9a_56,3585,0.37,1273,0.68,15000,0.0,1222,0.37
125,incentivo,66d8c54_33,3197,0.37,3,1.0,15000,0.0,3,1.0
126,incentivo,66d8c54_77,233,0.52,101,0.82,15000,0.0,121,0.52
127,incentivo,66d8c54_83,2239,0.4,77,0.84,15000,0.0,1013,0.38
128,incentivo,70be962_10,15000,0.0,3931,0.57,15000,0.0,2347,0.3
129,incentivo,70be962_11,1316,0.43,5437,0.53,15000,0.0,15000,0.0
130,incentivo,70be962_22,5324,0.34,2904,0.61,15000,0.0,5332,0.2
131,incentivo,70be962_52,15000,0.0,8121,0.47,15000,0.0,15000,0.0
132,incentivo,7289291_64,4220,0.35,1352,0.68,15000,0.0,908,0.39
133,incentivo,753300f_106,7953,0.3,15000,0.0,15000,0.0,15000,0.0
134,incentivo,753300f_287,4060,0.36,2022,0.64,15000,0.0,3933,0.24
135,incentivo,76b6e7f_107,3586,0.37,1274,0.68,15000,0.0,1223,0.37
136,incentivo,7bd959f_213,74,0.57,6250,0.51,62,0.21,5214,0.21
137,incentivo,7c3fe0d_171,78,0.57,3643,0.58,15000,0.0,15000,0.0
138,incentivo,7c3fe0d_172,9621,0.28,1906,0.65,15000,0.0,658,0.41
139,incentivo,7c3fe0d_175,19,0.62,5053,0.54,23,0.25,15000,0.0
140,incentivo,7c3fe0d_176,15000,0.0,8995,0.46,85,0.2,15000,0.0
141,incentivo,7c3fe0d_177,131,0.54,2125,0.64,15000,0.0,15000,0.0
142,incentivo,85d7464_28,222,0.52,1619,0.67,15000,0.0,2725,0.28
143,incentivo,88ad2ff_52,14,0.63,4060,0.57,15000,0.0,15000,0.0
144,incentivo,8fb61f8_178,39,0.6,5788,0.52,20,0.25,4541,0.22
145,incentivo,901a837_73,3060,0.38,26,0.87,15000,0.0,333,0.46
146,incentivo,930897c_256,248,0.52,1728,0.66,30,0.24,15000,0.0
147,incentivo,a9bb3c2_9,632,0.47,15000,0.0,15000,0.0,15000,0.0
148,incentivo,cefe040_65,15000,0.0,2185,0.64,15000,0.0,1866,0.32
149,incentivo,cfe0ee3_92,15000,0.0,3874,0.58,15000,0.0,15000,0.0
150,incentivo,d491a15_173,110,0.55,3439,0.59,15000,0.0,15000,0.0
151,incentivo,d491a15_174,15000,0.0,3484,0.59,15000,0.0,2165,0.31
152,incentivo,d491a15_177,2,0.69,9327,0.45,6,0.32,15000,0.0
153,incentivo,d491a15_178,3654,0.37,15000,0.0,49,0.22,15000,0.0
154,incentivo,d491a15_179,132,0.54,2126,0.64,15000,0.0,15000,0.0
155,incentivo,d6c44cc_184,80,0.57,3722,0.58,15000,0.0,15000,0.0
156,incentivo,d6c44cc_185,15000,0.0,1890,0.65,15000,0.0,426,0.44
157,incentivo,d6c44cc_187,3,0.69,9328,0.45,7,0.32,15000,0.0
158,incentivo,d6c44cc_188,8655,0.29,15000,0.0,15000,0.0,15000,0.0
159,incentivo,d6c44cc_189,133,0.54,2127,0.64,15000,0.0,15000,0.0
160,incentivo,e2bb383_21,124,0.55,1818,0.66,15000,0.0,2941,0.27
161,incentivo,e2bb383_110,8,0.65,2245,0.63,12,0.28,4577,0.22
162,incentivo,e2bb383_179,1299,0.43,1440,0.67,15000,0.0,1449,0.35
163,incentivo,e2bb383_182,425,0.49,4998,0.54,15000,0.0,15000,0.0
164,incentivo,e3b7f39_231,11,0.63,4412,0.56,16,0.26,15000,0.0
165,incentivo,e5e0011_84,15000,0.0,3875,0.58,15000,0.0,15000,0.0
166,incentivo,e97f743_12,961,0.45,3995,0.57,34,0.23,2812,0.27
167,incentivo,eb99685_144,503,0.48,974,0.7,15000,0.0,3261,0.26
168,incentivo,f13fd1f_116,3587,0.37,1275,0.68,15000,0.0,1224,0.37
169,incentivo,f5d3dd3_62,84,0.56,1204,0.69,15000,0.0,2527,0.29
170,insumo,05149e3_84,15000,0.0,1,1.0,15000,0.0,1,1.0
171,insumo,05149e3_93,15000,0.0,462,0.67,15000,0.0,4,0.49
172,insumo,05149e3_105,4386,0.36,43,0.76,15000,0.0,2,0.69
173,insumo,05149e3_138,15000,0.0,1388,0.6,15000,0.0,68,0.4
174,insumo,2418c2b_146,15000,0.0,15000,0.0,15000,0.0,15000,0.0
175,insumo,4245aca_98,15000,0.0,2249,0.57,15000,0.0,15000,0.0
176,insumo,48bdadf_126,15000,0.0,9139,0.45,15000,0.0,15000,0.0
177,insumo,731dbf0_11,15000,0.0,883,0.63,15000,0.0,15000,0.0
178,insumo,731dbf0_12,15000,0.0,562,0.66,15000,0.0,15000,0.0
179,insumo,731dbf0_14,15000,0.0,1761,0.59,15000,0.0,15000,0.0
180,insumo,731dbf0_30,15000,0.0,380,0.68,15000,0.0,620,0.31
181,insumo,731dbf0_81,15000,0.0,1972,0.58,15000,0.0,1855,0.25
182,insumo,731dbf0_92,15000,0.0,7900,0.47,15000,0.0,2979,0.23
183,insumo,731dbf0_95,15000,0.0,296,0.69,15000,0.0,4000,0.21
184,insumo,731dbf0_98,15000,0.0,1537,0.59,15000,0.0,15000,0.0
185,insumo,731dbf0_102,15000,0.0,7965,0.47,15000,0.0,15000,0.0
186,insumo,731dbf0_126,15000,0.0,15000,0.0,15000,0.0,15000,0.0
187,insumo,731dbf0_127,15000,0.0,9963,0.44,15000,0.0,15000,0.0
188,insumo,731dbf0_131,15000,0.0,15000,0.0,15000,0.0,15000,0.0
189,insumo,731dbf0_132,15000,0.0,15000,0.0,15000,0.0,15000,0.0
190,insumo,7c8d2c5_54,15000,0.0,15000,0.0,15000,0.0,15000,0.0
191,insumo,881adeb_55,15000,0.0,15000,0.0,15000,0.0,15000,0.0
192,insumo,88ad2ff_197,15000,0.0,15000,0.0,15000,0.0,15000,0.0
193,insumo,88ad2ff_271,15000,0.0,1764,0.59,15000,0.0,3918,0.21
194,insumo,a722ac1_199,15000,0.0,15000,0.0,15000,0.0,15000,0.0
195,insumo,b8922be_54,15000,0.0,15000,0.0,15000,0.0,15000,0.0
196,insumo,b8dd82f_18,15000,0.0,18,0.77,15000,0.0,1308,0.27
197,insumo,dd6b5ad_55,15000,0.0,15000,0.0,15000,0.0,15000,0.0
198,insumo,ff41a50_84,15000,0.0,15000,0.0,15000,0.0,15000,0.0
199,multa,029d411_78,15000,0.0,1,1.0,15000,0.0,1,1.0
200,multa,029d411_88,15000,0.0,752,0.53,15000,0.0,258,0.52
201,multa,029d411_89,15000,0.0,637,0.54,15000,0.0,295,0.51
202,multa,029d411_90,15000,0.0,1063,0.5,15000,0.0,842,0.39
203,multa,029d411_91,8377,0.28,4816,0.37,15000,0.0,15000,0.0
204,multa,029d411_92,15000,0.0,5118,0.36,15000,0.0,597,0.43
205,multa,029d411_118,15000,0.0,849,0.52,15000,0.0,972,0.38
206,multa,029d411_147,15000,0.0,164,0.61,15000,0.0,2030,0.31
207,multa,03a83f8_64,15000,0.0,879,0.52,15000,0.0,484,0.45
208,multa,03a83f8_67,15000,0.0,2159,0.45,15000,0.0,481,0.45
209,multa,03a83f8_71,15000,0.0,425,0.57,15000,0.0,38,0.65
210,multa,03a83f8_72,6415,0.31,2067,0.45,15000,0.0,1761,0.32
211,multa,03a83f8_74,15000,0.0,230,0.6,15000,0.0,420,0.46
212,multa,03a83f8_75,15000,0.0,677,0.54,15000,0.0,476,0.45
213,multa,03a83f8_83,15000,0.0,108,0.64,15000,0.0,660,0.42
214,multa,04731ac_83,15000,0.0,1822,0.46,15000,0.0,3312,0.25
215,multa,04731ac_87,3572,0.36,3134,0.41,15000,0.0,3704,0.24
216,multa,04731ac_89,15000,0.0,2133,0.45,15000,0.0,1126,0.36
217,multa,04731ac_91,5868,0.31,349,0.58,15000,0.0,581,0.43
218,multa,04731ac_92,15000,0.0,1723,0.47,15000,0.0,890,0.38
219,multa,04731ac_94,6999,0.3,5178,0.36,15000,0.0,4710,0.21
220,multa,04731ac_96,15000,0.0,1360,0.48,15000,0.0,3369,0.25
221,multa,04731ac_98,15000,0.0,3071,0.41,15000,0.0,1317,0.35
222,multa,05f5ba4_120,15000,0.0,5696,0.35,15000,0.0,915,0.38
223,multa,05f5ba4_121,15000,0.0,2053,0.45,15000,0.0,920,0.38
224,multa,05f5ba4_122,15000,0.0,4028,0.39,15000,0.0,1362,0.34
225,multa,060720b_100,15000,0.0,1263,0.49,15000,0.0,747,0.4
226,multa,060720b_106,15000,0.0,4097,0.39,15000,0.0,3386,0.25
227,multa,060720b_115,336,0.51,3139,0.41,15000,0.0,2444,0.29
228,multa,074b95f_65,15000,0.0,943,0.51,15000,0.0,474,0.45
229,multa,074b95f_67,15000,0.0,7675,0.32,15000,0.0,1578,0.33
230,multa,074b95f_78,15000,0.0,433,0.57,15000,0.0,91,0.61
231,multa,074b95f_79,15000,0.0,4173,0.38,15000,0.0,15000,0.0
232,multa,074b95f_81,15000,0.0,1414,0.48,15000,0.0,2590,0.28
233,multa,074b95f_82,15000,0.0,231,0.6,15000,0.0,421,0.46
234,multa,07d1de2_53,15000,0.0,3,1.0,15000,0.0,3,0.99
235,multa,07d1de2_63,15000,0.0,653,0.54,15000,0.0,149,0.57
236,multa,07d1de2_64,15000,0.0,299,0.58,15000,0.0,166,0.57
237,multa,07d1de2_65,15000,0.0,915,0.51,15000,0.0,521,0.44
238,multa,07d1de2_66,15000,0.0,2064,0.45,15000,0.0,3206,0.26
239,multa,07d1de2_67,15000,0.0,4255,0.38,15000,0.0,590,0.43
240,multa,092e4c7_23,15000,0.0,15000,0.0,15000,0.0,15000,0.0
241,multa,092e4c7_45,15000,0.0,578,0.55,15000,0.0,1316,0.35
242,multa,092e4c7_53,15000,0.0,4716,0.37,15000,0.0,3771,0.24
243,multa,092e4c7_68,15000,0.0,1262,0.49,15000,0.0,138,0.58
244,multa,092e4c7_76,15000,0.0,1038,0.5,15000,0.0,399,0.47
245,multa,092e4c7_82,15000,0.0,4074,0.39,15000,0.0,15000,0.0
246,multa,092e4c7_87,15000,0.0,3212,0.41,15000,0.0,2610,0.28
247,multa,092e4c7_89,15000,0.0,1988,0.45,15000,0.0,1750,0.32
248,multa,092e4c7_137,9229,0.27,501,0.56,15000,0.0,1782,0.32
249,multa,092e4c7_138,15000,0.0,1542,0.47,15000,0.0,1231,0.35
250,multa,092e4c7_139,8340,0.28,4316,0.38,15000,0.0,15000,0.0
251,multa,092e4c7_140,15000,0.0,3157,0.41,15000,0.0,512,0.44
252,multa,092e4c7_141,15000,0.0,161,0.61,15000,0.0,200,0.55
253,multa,092e4c7_149,15000,0.0,2167,0.45,15000,0.0,3056,0.26
254,multa,092e4c7_152,15000,0.0,3096,0.41,15000,0.0,15000,0.0
255,multa,092e4c7_154,15000,0.0,1744,0.47,15000,0.0,913,0.38
256,multa,092e4c7_159,15000,0.0,3926,0.39,15000,0.0,1618,0.33
257,multa,092e4c7_161,15000,0.0,3805,0.39,15000,0.0,1447,0.34
258,multa,092e4c7_167,15000,0.0,286,0.59,15000,0.0,738,0.4
259,multa,092e4c7_168,15000,0.0,35,0.7,15000,0.0,42,0.65
260,multa,092e4c7_169,987,0.45,4338,0.38,15000,0.0,1156,0.36
261,multa,092e4c7_170,5078,0.33,1310,0.49,15000,0.0,445,0.46
262,multa,0c5f5ad_567,15000,0.0,260,0.59,15000,0.0,75,0.62
263,multa,0c5f5ad_576,15000,0.0,3842,0.39,15000,0.0,15000,0.0
264,multa,0c5f5ad_577,15000,0.0,562,0.55,15000,0.0,1560,0.33
265,multa,0c5f5ad_580,15000,0.0,6622,0.34,15000,0.0,4865,0.21
266,multa,0cc5362_28,15000,0.0,2026,0.45,15000,0.0,948,0.38
267,multa,0cc5362_29,15000,0.0,1829,0.46,15000,0.0,1018,0.37
268,multa,0cc5362_30,15000,0.0,1162,0.5,15000,0.0,1230,0.35
269,multa,0cc5362_31,15000,0.0,1540,0.47,15000,0.0,2929,0.26
270,multa,0cc5362_32,15000,0.0,4845,0.37,15000,0.0,1932,0.31
271,multa,0cc5362_33,15000,0.0,1376,0.48,15000,0.0,4536,0.21
272,multa,0cc5362_34,15000,0.0,3363,0.4,15000,0.0,477,0.45
273,multa,0cc5362_37,15000,0.0,4753,0.37,15000,0.0,15000,0.0
274,multa,0cc5362_38,15000,0.0,2401,0.43,15000,0.0,15000,0.0
275,multa,0cc5362_39,15000,0.0,1219,0.49,15000,0.0,15000,0.0
276,multa,0cc5362_40,15000,0.0,2041,0.45,15000,0.0,1642,0.33
277,multa,0cc5362_46,8229,0.28,2240,0.44,15000,0.0,2963,0.26
278,multa,0cc5362_47,15000,0.0,12,0.73,15000,0.0,23,0.68
279,multa,0cc5362_48,3101,0.37,1811,0.46,15000,0.0,15000,0.0
280,multa,0cc5362_56,337,0.51,3140,0.41,15000,0.0,2445,0.29
281,multa,0cc5362_57,15000,0.0,60,0.67,15000,0.0,40,0.65
282,multa,0cc5362_64,9852,0.27,1185,0.49,15000,0.0,1257,0.35
283,multa,0cc5362_65,5224,0.32,843,0.52,15000,0.0,1805,0.32
284,multa,0cc5362_66,15000,0.0,184,0.61,15000,0.0,1918,0.31
285,multa,0cc5362_67,15000,0.0,162,0.61,15000,0.0,533,0.44
286,multa,0cc5362_68,9072,0.28,621,0.55,15000,0.0,1224,0.35
287,multa,0cc5362_70,15000,0.0,131,0.63,15000,0.0,935,0.38
288,multa,0d090c5_49,2683,0.38,1553,0.47,15000,0.0,2067,0.31
289,multa,0d090c5_51,15000,0.0,2724,0.42,15000,0.0,1494,0.34
290,multa,0d090c5_57,15000,0.0,7355,0.32,15000,0.0,2759,0.27
291,multa,0d090c5_62,15000,0.0,36,0.7,15000,0.0,104,0.6
292,multa,0d090c5_63,15000,0.0,759,0.53,15000,0.0,1113,0.36
293,multa,0d090c5_64,15000,0.0,45,0.69,15000,0.0,10,0.69
294,multa,0d090c5_65,15000,0.0,2608,0.43,15000,0.0,15000,0.0
295,multa,0d090c5_66,3958,0.35,467,0.56,15000,0.0,1392,0.34
296,multa,0d090c5_67,15000,0.0,119,0.63,15000,0.0,244,0.53
297,multa,0d090c5_68,15000,0.0,509,0.55,15000,0.0,961,0.38
298,multa,0d090c5_69,15000,0.0,113,0.63,15000,0.0,588,0.43
299,multa,0d090c5_70,227,0.54,2702,0.42,15000,0.0,3843,0.23
300,multa,0d090c5_71,15000,0.0,23,0.71,15000,0.0,20,0.68
301,multa,0d090c5_72,15000,0.0,258,0.59,15000,0.0,1863,0.32
302,multa,0eab4fd_38,15000,0.0,432,0.57,15000,0.0,2752,0.27
303,multa,0eab4fd_48,15000,0.0,1121,0.5,15000,0.0,1266,0.35
304,multa,0eab4fd_59,15000,0.0,2402,0.43,15000,0.0,3698,0.24
305,multa,0eab4fd_63,1261,0.43,710,0.54,15000,0.0,3714,0.24
306,multa,0eab4fd_69,15000,0.0,1457,0.48,15000,0.0,1448,0.34
307,multa,0eab4fd_75,15000,0.0,1759,0.46,15000,0.0,803,0.4
308,multa,0eab4fd_76,15000,0.0,799,0.52,15000,0.0,1033,0.37
309,multa,0eab4fd_77,15000,0.0,5077,0.37,15000,0.0,2503,0.29
310,multa,0eab4fd_78,15000,0.0,7439,0.32,15000,0.0,1184,0.36
311,multa,0eab4fd_84,15000,0.0,2146,0.45,15000,0.0,728,0.41
312,multa,0eab4fd_86,4290,0.34,2100,0.45,15000,0.0,1309,0.35
313,multa,0eab4fd_87,15000,0.0,919,0.51,15000,0.0,1866,0.32
314,multa,0eab4fd_92,15000,0.0,846,0.52,15000,0.0,394,0.47
315,multa,0eab4fd_95,15000,0.0,1734,0.47,15000,0.0,709,0.41
316,multa,0eab4fd_101,15000,0.0,279,0.59,15000,0.0,208,0.55
317,multa,0eab4fd_110,15000,0.0,9109,0.3,15000,0.0,2048,0.31
318,multa,0eab4fd_119,15000,0.0,189,0.61,15000,0.0,790,0.4
319,multa,0febf9d_17,15000,0.0,844,0.52,15000,0.0,1143,0.36
320,multa,0febf9d_19,15000,0.0,5027,0.37,15000,0.0,1511,0.33
321,multa,0febf9d_23,15000,0.0,641,0.54,15000,0.0,734,0.41
322,multa,0febf9d_26,15000,0.0,4556,0.38,15000,0.0,15000,0.0
323,multa,0febf9d_32,15000,0.0,494,0.56,15000,0.0,1086,0.36
324,multa,12244f1_114,15000,0.0,3773,0.39,15000,0.0,1740,0.32
325,multa,12244f1_121,15000,0.0,144,0.62,15000,0.0,375,0.48
326,multa,12244f1_131,15000,0.0,1015,0.51,15000,0.0,4150,0.23
327,multa,12244f1_137,240,0.54,2262,0.44,15000,0.0,2077,0.31
328,multa,12244f1_139,15000,0.0,24,0.71,15000,0.0,71,0.62
329,multa,12244f1_140,15000,0.0,4049,0.39,15000,0.0,5188,0.2
330,multa,12244f1_154,15000,0.0,1865,0.46,15000,0.0,2516,0.29
331,multa,12b24f9_46,15000,0.0,2057,0.45,15000,0.0,4364,0.22
332,multa,12b24f9_54,15000,0.0,1081,0.5,15000,0.0,1369,0.34
333,multa,12b24f9_68,1834,0.41,630,0.54,15000,0.0,2707,0.28
334,multa,12b24f9_82,15000,0.0,1841,0.46,15000,0.0,1825,0.32
335,multa,12b24f9_83,15000,0.0,899,0.52,15000,0.0,919,0.38
336,multa,12b24f9_84,15000,0.0,5295,0.36,15000,0.0,2349,0.29
337,multa,12b24f9_88,15000,0.0,5873,0.35,15000,0.0,2133,0.3
338,multa,12b24f9_89,4291,0.34,2101,0.45,15000,0.0,1310,0.35
339,multa,12b24f9_90,15000,0.0,191,0.61,15000,0.0,51,0.64
340,multa,12b24f9_91,15000,0.0,150,0.62,15000,0.0,309,0.5
341,multa,12b24f9_92,15000,0.0,178,0.61,15000,0.0,988,0.37
342,multa,12b24f9_93,15000,0.0,233,0.6,15000,0.0,273,0.52
343,multa,12b24f9_96,15000,0.0,1421,0.48,15000,0.0,682,0.41
344,multa,12b24f9_99,5929,0.31,2523,0.43,15000,0.0,2724,0.27
345,multa,12b24f9_100,15000,0.0,6568,0.34,15000,0.0,15000,0.0
346,multa,12b24f9_101,15000,0.0,1585,0.47,15000,0.0,507,0.44
347,multa,12b24f9_109,15000,0.0,384,0.57,15000,0.0,270,0.52
348,multa,12b24f9_130,15000,0.0,599,0.55,15000,0.0,2019,0.31
349,multa,135664a_55,15000,0.0,643,0.54,15000,0.0,730,0.41
350,multa,135664a_61,15000,0.0,302,0.58,15000,0.0,514,0.44
351,multa,135664a_74,15000,0.0,1204,0.49,15000,0.0,2815,0.27
352,multa,135664a_75,15000,0.0,1408,0.48,15000,0.0,2838,0.27
353,multa,135664a_77,8826,0.28,284,0.59,15000,0.0,87,0.61
354,multa,1555e55_104,15000,0.0,1823,0.46,15000,0.0,3313,0.25
355,multa,1555e55_117,15000,0.0,6579,0.34,15000,0.0,3983,0.23
356,multa,1555e55_120,15000,0.0,7,0.77,15000,0.0,4,0.78
357,multa,1555e55_122,15000,0.0,514,0.55,15000,0.0,365,0.48
358,multa,1555e55_124,2764,0.38,3278,0.4,15000,0.0,5259,0.2
359,multa,1555e55_127,15000,0.0,1443,0.48,15000,0.0,4367,0.22
360,multa,1555e55_128,15000,0.0,3072,0.41,15000,0.0,1318,0.35
361,multa,15ba809_55,15000,0.0,82,0.66,15000,0.0,70,0.62
362,multa,15ba809_61,9227,0.27,352,0.58,15000,0.0,1955,0.31
363,multa,15ba809_64,4662,0.33,1465,0.48,15000,0.0,4833,0.21
364,multa,15ba809_81,2772,0.38,411,0.57,15000,0.0,623,0.42
365,multa,161d1f4_21,15000,0.0,4579,0.37,15000,0.0,15000,0.0
366,multa,161d1f4_81,15000,0.0,97,0.64,15000,0.0,2168,0.3
367,multa,161d1f4_91,15000,0.0,3348,0.4,15000,0.0,4157,0.22
368,multa,161d1f4_138,15000,0.0,2916,0.42,15000,0.0,15000,0.0
369,multa,161d1f4_181,15000,0.0,400,0.57,15000,0.0,463,0.46
370,multa,161d1f4_190,15000,0.0,1118,0.5,15000,0.0,712,0.41
371,multa,161d1f4_201,15000,0.0,1024,0.5,15000,0.0,570,0.43
372,multa,161d1f4_207,15000,0.0,632,0.54,15000,0.0,1887,0.31
373,multa,161d1f4_208,230,0.54,1872,0.46,15000,0.0,15000,0.0
374,multa,161d1f4_211,15000,0.0,443,0.56,15000,0.0,1632,0.33
375,multa,161d1f4_214,15000,0.0,2257,0.44,15000,0.0,50,0.64
376,multa,17252d8_82,15000,0.0,6608,0.34,15000,0.0,2608,0.28
377,multa,17252d8_84,15000,0.0,5982,0.35,15000,0.0,2872,0.27
378,multa,17252d8_93,9775,0.27,369,0.57,15000,0.0,122,0.59
379,multa,17252d8_95,15000,0.0,38,0.7,15000,0.0,92,0.61
380,multa,17252d8_96,15000,0.0,15,0.72,15000,0.0,96,0.61
381,multa,19a0f82_198,15000,0.0,2318,0.44,15000,0.0,3658,0.24
382,multa,19a0f82_208,15000,0.0,50,0.68,15000,0.0,36,0.66
383,multa,19a0f82_209,15000,0.0,6820,0.33,15000,0.0,15000,0.0
384,multa,19a0f82_216,15000,0.0,181,0.61,15000,0.0,1769,0.32
385,multa,19a0f82_217,15000,0.0,1464,0.48,15000,0.0,1975,0.31
386,multa,19a0f82_226,338,0.51,3141,0.41,15000,0.0,2446,0.29
387,multa,19a0f82_231,15000,0.0,61,0.67,15000,0.0,756,0.4
388,multa,1a77612_109,9524,0.27,1349,0.48,15000,0.0,2083,0.3
389,multa,1a77612_110,15000,0.0,1417,0.48,15000,0.0,2699,0.28
390,multa,1a77612_132,8639,0.28,6940,0.33,15000,0.0,1644,0.33
391,multa,1a77612_137,15000,0.0,4886,0.37,15000,0.0,1596,0.33
392,multa,1a77612_140,15000,0.0,2871,0.42,15000,0.0,3839,0.23
393,multa,1a77612_141,15000,0.0,243,0.6,15000,0.0,742,0.4
394,multa,1a77612_153,698,0.48,2839,0.42,15000,0.0,2253,0.3
395,multa,1b7669f_97,15000,0.0,753,0.53,15000,0.0,259,0.52
396,multa,1b7669f_98,15000,0.0,669,0.54,15000,0.0,299,0.51
397,multa,1b7669f_99,15000,0.0,1107,0.5,15000,0.0,826,0.39
398,multa,1b7669f_100,15000,0.0,2005,0.45,15000,0.0,3189,0.26
399,multa,1b7669f_101,15000,0.0,5119,0.36,15000,0.0,598,0.43
400,multa,1b7669f_152,15000,0.0,190,0.61,15000,0.0,1993,0.31
401,multa,1f15406_101,15000,0.0,9573,0.3,15000,0.0,15000,0.0
402,multa,1f15406_305,15000,0.0,3724,0.39,15000,0.0,5166,0.2
403,multa,1f15406_343,15000,0.0,6412,0.34,15000,0.0,4946,0.21
404,multa,1f15406_402,15000,0.0,1985,0.45,15000,0.0,896,0.38
405,multa,1f15406_403,15000,0.0,2447,0.43,15000,0.0,3332,0.25
406,multa,1f15406_404,8454,0.28,1265,0.49,15000,0.0,3489,0.25
407,multa,1f15406_405,15000,0.0,2820,0.42,15000,0.0,1323,0.34
408,multa,1f15406_412,15000,0.0,225,0.6,15000,0.0,271,0.52
409,multa,1f15406_415,15000,0.0,2168,0.45,15000,0.0,3057,0.26
410,multa,1f15406_418,15000,0.0,4856,0.37,15000,0.0,15000,0.0
411,multa,1f15406_419,15000,0.0,3620,0.4,15000,0.0,2344,0.29
412,multa,1f15406_421,15000,0.0,719,0.53,15000,0.0,1218,0.35
413,multa,1f15406_425,15000,0.0,6827,0.33,15000,0.0,618,0.42
414,multa,1f15406_431,7989,0.29,1091,0.5,15000,0.0,1108,0.36
415,multa,1f15406_432,15000,0.0,30,0.7,15000,0.0,43,0.65
416,multa,1f15406_433,988,0.45,4339,0.38,15000,0.0,1157,0.36
417,multa,1ffdee7_104,15000,0.0,15000,0.0,15000,0.0,4667,0.21
418,multa,1ffdee7_125,15000,0.0,2524,0.43,15000,0.0,3271,0.25
419,multa,1ffdee7_140,15000,0.0,3528,0.4,15000,0.0,3276,0.25
420,multa,1ffdee7_156,15000,0.0,8117,0.31,15000,0.0,15000,0.0
421,multa,1ffdee7_193,15000,0.0,1986,0.45,15000,0.0,897,0.38
422,multa,1ffdee7_194,15000,0.0,1695,0.47,15000,0.0,1838,0.32
423,multa,1ffdee7_197,15000,0.0,124,0.63,15000,0.0,297,0.51
424,multa,1ffdee7_198,15000,0.0,2233,0.44,15000,0.0,3091,0.26
425,multa,1ffdee7_200,15000,0.0,4094,0.39,15000,0.0,15000,0.0
426,multa,1ffdee7_205,15000,0.0,6502,0.34,15000,0.0,874,0.39
427,multa,1ffdee7_209,8468,0.28,982,0.51,15000,0.0,1064,0.37
428,multa,1ffdee7_210,15000,0.0,31,0.7,15000,0.0,44,0.65
429,multa,1ffdee7_211,989,0.45,4340,0.38,15000,0.0,1158,0.36
430,multa,218c0d0_69,2232,0.39,1166,0.49,15000,0.0,4789,0.21
431,multa,218c0d0_79,15000,0.0,313,0.58,15000,0.0,287,0.51
432,multa,218c0d0_98,15000,0.0,3288,0.4,15000,0.0,1853,0.32
433,multa,218c0d0_99,15000,0.0,800,0.52,15000,0.0,1034,0.37
434,multa,218c0d0_100,15000,0.0,7545,0.32,15000,0.0,2039,0.31
435,multa,218c0d0_106,4292,0.34,2102,0.45,15000,0.0,1311,0.35
436,multa,218c0d0_107,15000,0.0,192,0.61,15000,0.0,52,0.64
437,multa,218c0d0_108,15000,0.0,167,0.61,15000,0.0,322,0.5
438,multa,218c0d0_109,15000,0.0,151,0.62,15000,0.0,976,0.38
439,multa,218c0d0_110,15000,0.0,234,0.6,15000,0.0,274,0.52
440,multa,218c0d0_114,15000,0.0,1422,0.48,15000,0.0,683,0.41
441,multa,218c0d0_117,15000,0.0,3123,0.41,15000,0.0,2310,0.29
442,multa,218c0d0_118,15000,0.0,1627,0.47,15000,0.0,502,0.45
443,multa,218c0d0_123,15000,0.0,3431,0.4,15000,0.0,15000,0.0
444,multa,218c0d0_124,15000,0.0,1193,0.49,15000,0.0,2387,0.29
445,multa,218c0d0_132,15000,0.0,572,0.55,15000,0.0,1948,0.31
446,multa,21dcf30_79,15000,0.0,15000,0.0,15000,0.0,15000,0.0
447,multa,21dcf30_257,15000,0.0,2140,0.45,15000,0.0,479,0.45
448,multa,21dcf30_281,15000,0.0,9363,0.3,15000,0.0,3861,0.23
449,multa,2235b37_58,15000,0.0,561,0.55,15000,0.0,865,0.39
450,multa,2235b37_62,15000,0.0,687,0.54,15000,0.0,2928,0.26
451,multa,2235b37_64,5199,0.32,1683,0.47,15000,0.0,15000,0.0
452,multa,2235b37_72,15000,0.0,984,0.51,15000,0.0,1091,0.36
453,multa,2369a4b_92,15000,0.0,885,0.52,15000,0.0,1096,0.36
454,multa,2369a4b_98,15000,0.0,1194,0.49,15000,0.0,1066,0.37
455,multa,2369a4b_107,8720,0.28,1041,0.5,15000,0.0,3705,0.24
456,multa,2369a4b_111,15000,0.0,347,0.58,15000,0.0,79,0.62
457,multa,2418c2b_400,15000,0.0,3749,0.39,15000,0.0,3029,0.26
458,multa,2418c2b_418,15000,0.0,437,0.57,15000,0.0,401,0.47
459,multa,2418c2b_426,15000,0.0,219,0.6,15000,0.0,201,0.55
460,multa,27d89cb_305,15000,0.0,44,0.69,15000,0.0,30,0.67
461,multa,27d89cb_306,15000,0.0,6821,0.33,15000,0.0,15000,0.0
462,multa,27d89cb_312,15000,0.0,2358,0.43,15000,0.0,4425,0.22
463,multa,27d89cb_323,352,0.51,2745,0.42,15000,0.0,2060,0.31
464,multa,27d89cb_330,6897,0.3,202,0.61,15000,0.0,1303,0.35
465,multa,28e15d8_80,15000,0.0,1554,0.47,15000,0.0,331,0.49
466,multa,28e15d8_84,15000,0.0,3827,0.39,15000,0.0,1127,0.36
467,multa,28e15d8_86,1815,0.41,5091,0.37,15000,0.0,1124,0.36
468,multa,28e15d8_91,6759,0.3,6102,0.34,15000,0.0,1712,0.32
469,multa,29c84d6_85,15000,0.0,8971,0.3,15000,0.0,3103,0.26
470,multa,29c84d6_88,15000,0.0,5983,0.35,15000,0.0,2873,0.27
471,multa,29c84d6_100,9776,0.27,370,0.57,15000,0.0,123,0.59
472,multa,29c84d6_102,15000,0.0,4,0.79,15000,0.0,8,0.73
473,multa,2ab0f3c_383,15000,0.0,2828,0.42,15000,0.0,4261,0.22
474,multa,2ab0f3c_384,15000,0.0,3918,0.39,15000,0.0,2091,0.3
475,multa,2ab0f3c_385,15000,0.0,1411,0.48,15000,0.0,510,0.44
476,multa,2ab0f3c_386,15000,0.0,1446,0.48,15000,0.0,1702,0.33
477,multa,2ab0f3c_388,15000,0.0,401,0.57,15000,0.0,316,0.5
478,multa,2ab0f3c_390,8718,0.28,406,0.57,15000,0.0,1031,0.37
479,multa,2ab0f3c_396,9547,0.27,2594,0.43,15000,0.0,1485,0.34
480,multa,2b97317_47,15000,0.0,15000,0.0,15000,0.0,4647,0.21
481,multa,2c0677d_97,15000,0.0,1047,0.5,15000,0.0,3487,0.25
482,multa,2ce32ee_337,15000,0.0,5276,0.36,15000,0.0,1042,0.37
483,multa,2ce32ee_360,15000,0.0,5371,0.36,15000,0.0,1385,0.34
484,multa,2ce32ee_361,15000,0.0,5088,0.37,15000,0.0,2934,0.26
485,multa,2ce32ee_362,15000,0.0,2950,0.42,15000,0.0,2255,0.3
486,multa,2ce32ee_369,15000,0.0,2152,0.45,15000,0.0,4033,0.23
487,multa,2dff019_120,15000,0.0,6150,0.34,15000,0.0,2058,0.31
488,multa,2dff019_127,15000,0.0,4808,0.37,15000,0.0,2689,0.28
489,multa,2dff019_135,15000,0.0,5539,0.36,15000,0.0,1831,0.32
490,multa,2dff019_139,9911,0.27,146,0.62,15000,0.0,105,0.6
491,multa,2dff019_141,15000,0.0,652,0.54,15000,0.0,516,0.44
492,multa,2dff019_143,15000,0.0,4145,0.38,15000,0.0,15000,0.0
493,multa,2dff019_145,3959,0.35,468,0.56,15000,0.0,1393,0.34
494,multa,2dff019_148,15000,0.0,226,0.6,15000,0.0,293,0.51
495,multa,2dff019_149,2281,0.39,939,0.51,15000,0.0,812,0.39
496,multa,30220c4_20,15000,0.0,90,0.65,15000,0.0,654,0.42
497,multa,3100693_90,15000,0.0,3759,0.39,15000,0.0,2277,0.29
498,multa,3100693_125,15000,0.0,2613,0.43,15000,0.0,2854,0.27
499,multa,3100693_126,15000,0.0,57,0.67,15000,0.0,5,0.76
500,multa,3100693_127,15000,0.0,951,0.51,15000,0.0,1192,0.36
501,multa,3100693_132,15000,0.0,136,0.63,15000,0.0,786,0.4
502,multa,323ef51_133,15000,0.0,49,0.68,15000,0.0,111,0.6
503,multa,323ef51_197,15000,0.0,3597,0.4,15000,0.0,1142,0.36
504,multa,323ef51_198,15000,0.0,1412,0.48,15000,0.0,1026,0.37
505,multa,323ef51_199,15000,0.0,6708,0.33,15000,0.0,1949,0.31
506,multa,323ef51_200,15000,0.0,121,0.63,15000,0.0,825,0.39
507,multa,323ef51_202,15000,0.0,5,0.77,15000,0.0,28,0.67
508,multa,323ef51_203,15000,0.0,702,0.54,15000,0.0,2142,0.3
509,multa,323ef51_206,15000,0.0,211,0.6,15000,0.0,824,0.39
510,multa,323ef51_208,7459,0.29,266,0.59,15000,0.0,1893,0.31
511,multa,3416cbf_19,4193,0.34,2720,0.42,15000,0.0,3535,0.24
512,multa,3416cbf_21,15000,0.0,1298,0.49,15000,0.0,2600,0.28
513,multa,3416cbf_161,15000,0.0,249,0.59,15000,0.0,1643,0.33
514,multa,3416cbf_202,9876,0.27,2081,0.45,15000,0.0,2577,0.28
515,multa,3416cbf_203,15000,0.0,59,0.67,15000,0.0,7,0.76
516,multa,3416cbf_204,15000,0.0,952,0.51,15000,0.0,1193,0.36
517,multa,3416cbf_212,15000,0.0,137,0.63,15000,0.0,787,0.4
518,multa,34f1f1d_401,15000,0.0,1092,0.5,15000,0.0,768,0.4
519,multa,34f1f1d_404,7347,0.29,547,0.55,15000,0.0,381,0.47
520,multa,34f1f1d_406,15000,0.0,529,0.55,15000,0.0,1286,0.35
521,multa,34f1f1d_410,8692,0.28,2769,0.42,15000,0.0,1349,0.34
522,multa,35b8443_50,15000,0.0,2110,0.45,15000,0.0,15000,0.0
523,multa,35b8443_63,3088,0.37,2145,0.45,15000,0.0,1137,0.36
524,multa,35b8443_80,2824,0.37,542,0.55,15000,0.0,2670,0.28
525,multa,35b8443_93,15000,0.0,5427,0.36,15000,0.0,2538,0.28
526,multa,35b8443_94,15000,0.0,801,0.52,15000,0.0,1035,0.37
527,multa,35b8443_95,15000,0.0,5078,0.37,15000,0.0,2504,0.29
528,multa,35b8443_100,15000,0.0,4451,0.38,15000,0.0,3404,0.25
529,multa,35b8443_102,4293,0.34,2103,0.45,15000,0.0,1312,0.35
530,multa,35b8443_103,15000,0.0,193,0.61,15000,0.0,53,0.64
531,multa,35b8443_104,15000,0.0,168,0.61,15000,0.0,323,0.5
532,multa,35b8443_105,15000,0.0,152,0.62,15000,0.0,977,0.38
533,multa,35b8443_106,15000,0.0,235,0.6,15000,0.0,275,0.52
534,multa,35b8443_109,15000,0.0,1423,0.48,15000,0.0,684,0.41
535,multa,35b8443_112,15000,0.0,3124,0.41,15000,0.0,2311,0.29
536,multa,35b8443_113,15000,0.0,1628,0.47,15000,0.0,503,0.45
537,multa,35b8443_117,15000,0.0,314,0.58,15000,0.0,288,0.51
538,multa,35b8443_135,15000,0.0,600,0.55,15000,0.0,2020,0.31
539,multa,3610a3c_108,3731,0.35,525,0.55,15000,0.0,665,0.42
540,multa,3610a3c_141,15000,0.0,13,0.73,15000,0.0,142,0.58
541,multa,3610a3c_194,15000,0.0,1108,0.5,15000,0.0,310,0.5
542,multa,3610a3c_206,15000,0.0,1261,0.49,15000,0.0,1110,0.36
543,multa,3610a3c_221,15000,0.0,6459,0.34,15000,0.0,2272,0.3
544,multa,3610a3c_248,6760,0.3,6103,0.34,15000,0.0,1713,0.32
545,multa,3610a3c_252,15000,0.0,115,0.63,15000,0.0,108,0.6
546,multa,3610a3c_254,15000,0.0,1119,0.5,15000,0.0,2392,0.29
547,multa,36443d4_143,15000,0.0,8972,0.3,15000,0.0,3104,0.26
548,multa,36443d4_146,15000,0.0,5984,0.35,15000,0.0,2874,0.27
549,multa,36443d4_165,9383,0.27,458,0.56,15000,0.0,121,0.59
550,multa,36443d4_168,15000,0.0,9,0.75,15000,0.0,24,0.68
551,multa,36443d4_186,15000,0.0,135,0.63,15000,0.0,1165,0.36
552,multa,369c7dd_126,15000,0.0,2601,0.43,15000,0.0,2745,0.27
553,multa,369c7dd_128,15000,0.0,3998,0.39,15000,0.0,3822,0.23
554,multa,369c7dd_130,15000,0.0,3986,0.39,15000,0.0,5229,0.2
555,multa,369c7dd_132,8183,0.29,1945,0.45,15000,0.0,15000,0.0
556,multa,369c7dd_133,15000,0.0,5120,0.36,15000,0.0,599,0.43
557,multa,37d59e7_63,15000,0.0,218,0.6,15000,0.0,760,0.4
558,multa,37d59e7_68,15000,0.0,309,0.58,15000,0.0,621,0.42
559,multa,37d59e7_84,15000,0.0,481,0.56,15000,0.0,2593,0.28
560,multa,37d59e7_85,15000,0.0,1409,0.48,15000,0.0,2839,0.27
561,multa,37d59e7_88,8827,0.28,285,0.59,15000,0.0,88,0.61
562,multa,38507e7_71,15000,0.0,5809,0.35,15000,0.0,2475,0.29
563,multa,38507e7_77,15000,0.0,15000,0.0,15000,0.0,2725,0.27
564,multa,38507e7_82,1700,0.42,281,0.59,15000,0.0,2292,0.29
565,multa,3ce4a28_137,6659,0.3,1150,0.5,15000,0.0,2977,0.26
566,multa,3ce4a28_138,15000,0.0,15000,0.0,15000,0.0,1610,0.33
567,multa,3ce4a28_140,15000,0.0,4946,0.37,15000,0.0,2138,0.3
568,multa,3ce4a28_142,15000,0.0,2193,0.44,15000,0.0,1153,0.36
569,multa,3ce4a28_143,15000,0.0,2421,0.43,15000,0.0,4908,0.21
570,multa,3f95071_125,15000,0.0,914,0.51,15000,0.0,746,0.4
571,multa,3f95071_130,15000,0.0,2184,0.44,15000,0.0,2487,0.29
572,multa,3f95071_145,15000,0.0,8444,0.31,15000,0.0,2705,0.28
573,multa,3f95071_152,9893,0.27,342,0.58,15000,0.0,126,0.59
574,multa,3f95071_155,15000,0.0,269,0.59,15000,0.0,1300,0.35
575,multa,3f95071_161,15000,0.0,1491,0.48,15000,0.0,2282,0.29
576,multa,40a1fbd_78,15000,0.0,1805,0.46,15000,0.0,2769,0.27
577,multa,40a1fbd_90,15000,0.0,783,0.53,15000,0.0,572,0.43
578,multa,40a1fbd_92,15000,0.0,3698,0.39,15000,0.0,4213,0.22
579,multa,40a1fbd_93,15000,0.0,4266,0.38,15000,0.0,2786,0.27
580,multa,40a1fbd_107,15000,0.0,1497,0.48,15000,0.0,1106,0.36
581,multa,40a1fbd_122,15000,0.0,607,0.55,15000,0.0,1245,0.35
582,multa,40a1fbd_124,15000,0.0,623,0.54,15000,0.0,627,0.42
583,multa,40c8358_71,15000,0.0,6501,0.34,15000,0.0,15000,0.0
584,multa,40c8358_224,15000,0.0,1824,0.46,15000,0.0,3314,0.25
585,multa,40c8358_239,15000,0.0,650,0.54,15000,0.0,611,0.42
586,multa,40c8358_241,5869,0.31,350,0.58,15000,0.0,582,0.43
587,multa,40c8358_242,15000,0.0,1724,0.47,15000,0.0,891,0.38
588,multa,40c8358_244,7000,0.3,5179,0.36,15000,0.0,4711,0.21
589,multa,4245aca_106,15000,0.0,7169,0.33,15000,0.0,1860,0.32
590,multa,4245aca_129,15000,0.0,923,0.51,15000,0.0,513,0.44
591,multa,4245aca_136,15000,0.0,1318,0.48,15000,0.0,329,0.5
592,multa,4245aca_138,15000,0.0,3226,0.41,15000,0.0,3226,0.25
593,multa,4245aca_151,353,0.51,2746,0.42,15000,0.0,2061,0.31
594,multa,443a5b6_172,15000,0.0,1818,0.46,15000,0.0,1726,0.32
595,multa,475ed96_30,15000,0.0,3962,0.39,15000,0.0,15000,0.0
596,multa,47d5420_181,15000,0.0,1757,0.46,15000,0.0,1767,0.32
597,multa,48bdadf_275,8440,0.28,865,0.52,15000,0.0,2858,0.27
598,multa,48bdadf_276,15000,0.0,15000,0.0,15000,0.0,1611,0.33
599,multa,48bdadf_278,15000,0.0,5062,0.37,15000,0.0,2172,0.3
600,multa,48bdadf_280,15000,0.0,2194,0.44,15000,0.0,1154,0.36
601,multa,48bdadf_281,15000,0.0,2422,0.43,15000,0.0,4909,0.21
602,multa,498128e_401,15000,0.0,1093,0.5,15000,0.0,769,0.4
603,multa,498128e_404,7348,0.29,548,0.55,15000,0.0,382,0.47
604,multa,498128e_407,15000,0.0,530,0.55,15000,0.0,1287,0.35
605,multa,498128e_411,8693,0.28,2770,0.42,15000,0.0,1350,0.34
606,multa,498aa7d_101,15000,0.0,386,0.57,15000,0.0,562,0.43
607,multa,4c4c6e4_116,15000,0.0,644,0.54,15000,0.0,574,0.43
608,multa,4c4c6e4_127,15000,0.0,3206,0.41,15000,0.0,2072,0.31
609,multa,4c4c6e4_135,4691,0.33,949,0.51,15000,0.0,4275,0.22
610,multa,4c4c6e4_142,339,0.51,3142,0.41,15000,0.0,2447,0.29
611,multa,4c4c6e4_144,15000,0.0,34,0.7,15000,0.0,117,0.59
612,multa,4c4c6e4_145,15000,0.0,4050,0.39,15000,0.0,5189,0.2
613,multa,4c71364_153,15000,0.0,3267,0.4,15000,0.0,3995,0.23
614,multa,4c71364_155,15000,0.0,1737,0.47,15000,0.0,2149,0.3
615,multa,4c71364_158,15000,0.0,134,0.63,15000,0.0,351,0.49
616,multa,4e220b5_143,15000,0.0,937,0.51,15000,0.0,672,0.42
617,multa,4e220b5_183,8237,0.28,585,0.55,15000,0.0,575,0.43
618,multa,4e220b5_234,6498,0.31,545,0.55,15000,0.0,696,0.41
619,multa,4e220b5_238,15000,0.0,328,0.58,15000,0.0,500,0.45
620,multa,4e220b5_243,248,0.53,5523,0.36,15000,0.0,571,0.43
621,multa,4e220b5_244,6833,0.3,1333,0.48,15000,0.0,2537,0.28
622,multa,4e220b5_245,15000,0.0,1463,0.48,15000,0.0,15,0.69
623,multa,4e220b5_246,15000,0.0,6620,0.34,15000,0.0,1329,0.34
624,multa,4e22213_54,15000,0.0,712,0.54,15000,0.0,156,0.57
625,multa,4e22213_55,15000,0.0,695,0.54,15000,0.0,457,0.46
626,multa,4e22213_61,9675,0.27,775,0.53,15000,0.0,2501,0.29
627,multa,4e22213_64,5200,0.32,1684,0.47,15000,0.0,15000,0.0
628,multa,4e22213_77,2773,0.38,412,0.57,15000,0.0,624,0.42
629,multa,4e77902_218,15000,0.0,1800,0.46,15000,0.0,1634,0.33
630,multa,50f28b4_45,15000,0.0,921,0.51,15000,0.0,1630,0.33
631,multa,50f28b4_72,15000,0.0,3312,0.4,15000,0.0,15000,0.0
632,multa,50f28b4_75,15000,0.0,3808,0.39,15000,0.0,4003,0.23
633,multa,50f28b4_76,15000,0.0,4156,0.38,15000,0.0,2493,0.29
634,multa,50f28b4_77,15000,0.0,54,0.67,15000,0.0,83,0.61
635,multa,50f28b4_78,7893,0.29,1238,0.49,15000,0.0,1226,0.35
636,multa,50f28b4_79,8344,0.28,311,0.58,15000,0.0,847,0.39
637,multa,50f28b4_80,2699,0.38,303,0.58,15000,0.0,4273,0.22
638,multa,50f28b4_85,15000,0.0,823,0.52,15000,0.0,544,0.44
639,multa,50f28b4_86,15000,0.0,240,0.6,15000,0.0,587,0.43
640,multa,51a0d9e_50,5086,0.33,1995,0.45,15000,0.0,2319,0.29
641,multa,51a0d9e_51,15000,0.0,2713,0.42,15000,0.0,1476,0.34
642,multa,51a0d9e_56,15000,0.0,7373,0.32,15000,0.0,2583,0.28
643,multa,51a0d9e_64,15000,0.0,27,0.71,15000,0.0,114,0.59
644,multa,51a0d9e_66,15000,0.0,2537,0.43,15000,0.0,1933,0.31
645,multa,51a0d9e_68,15000,0.0,363,0.58,15000,0.0,489,0.45
646,multa,51a0d9e_70,15000,0.0,2841,0.42,15000,0.0,15000,0.0
647,multa,51a0d9e_71,3960,0.35,469,0.56,15000,0.0,1394,0.34
648,multa,51a0d9e_72,15000,0.0,104,0.64,15000,0.0,248,0.53
649,multa,51a0d9e_73,15000,0.0,510,0.55,15000,0.0,962,0.38
650,multa,51a0d9e_74,15000,0.0,239,0.6,15000,0.0,793,0.4
651,multa,51a0d9e_75,265,0.53,2565,0.43,15000,0.0,4018,0.23
652,multa,51a0d9e_76,15000,0.0,33,0.7,15000,0.0,17,0.69
653,multa,51a0d9e_77,15000,0.0,214,0.6,15000,0.0,1747,0.32
654,multa,5295ca3_42,15000,0.0,3007,0.41,15000,0.0,15000,0.0
655,multa,5295ca3_44,15000,0.0,2733,0.42,15000,0.0,2242,0.3
656,multa,5295ca3_45,15000,0.0,4157,0.38,15000,0.0,2494,0.29
657,multa,5295ca3_46,15000,0.0,55,0.67,15000,0.0,84,0.61
658,multa,5295ca3_47,7894,0.29,1239,0.49,15000,0.0,1227,0.35
659,multa,5295ca3_48,8345,0.28,312,0.58,15000,0.0,848,0.39
660,multa,5295ca3_53,15000,0.0,639,0.54,15000,0.0,3097,0.26
661,multa,5295ca3_54,6134,0.31,864,0.52,15000,0.0,752,0.4
662,multa,5295ca3_55,15000,0.0,270,0.59,15000,0.0,1275,0.35
663,multa,545e813_25,15000,0.0,337,0.58,15000,0.0,328,0.5
664,multa,545e813_26,15000,0.0,246,0.59,15000,0.0,586,0.43
665,multa,545e813_27,15000,0.0,29,0.71,15000,0.0,321,0.5
666,multa,55b3aab_338,15000,0.0,5277,0.36,15000,0.0,1043,0.37
667,multa,55b3aab_361,15000,0.0,5372,0.36,15000,0.0,1386,0.34
668,multa,55b3aab_362,15000,0.0,5065,0.37,15000,0.0,3018,0.26
669,multa,55b3aab_363,15000,0.0,2951,0.42,15000,0.0,2256,0.3
670,multa,55b3aab_370,15000,0.0,2153,0.45,15000,0.0,4034,0.23
671,multa,55fdbb4_83,15000,0.0,1707,0.47,15000,0.0,495,0.45
672,multa,55fdbb4_505,15000,0.0,3396,0.4,15000,0.0,1723,0.32
673,multa,55fdbb4_506,8245,0.28,2961,0.41,15000,0.0,2044,0.31
674,multa,55fdbb4_507,5118,0.33,1998,0.45,15000,0.0,3035,0.26
675,multa,55fdbb4_85,15000,0.0,798,0.52,15000,0.0,718,0.41
676,multa,55fdbb4_86,15000,0.0,15000,0.0,15000,0.0,4549,0.21
677,multa,55fdbb4_88,15000,0.0,195,0.61,15000,0.0,528,0.44
678,multa,55fdbb4_96,3197,0.36,916,0.51,15000,0.0,1015,0.37
679,multa,55fdbb4_174,15000,0.0,4607,0.37,15000,0.0,4156,0.22
680,multa,55fdbb4_180,15000,0.0,5726,0.35,15000,0.0,15000,0.0
681,multa,55fdbb4_306,15000,0.0,247,0.59,15000,0.0,372,0.48
682,multa,55fdbb4_307,15000,0.0,140,0.62,15000,0.0,254,0.53
683,multa,55fdbb4_308,15000,0.0,1459,0.48,15000,0.0,146,0.58
684,multa,55fdbb4_309,15000,0.0,831,0.52,15000,0.0,1007,0.37
685,multa,55fdbb4_311,6511,0.31,454,0.56,15000,0.0,1346,0.34
686,multa,55fdbb4_312,15000,0.0,620,0.55,15000,0.0,637,0.42
687,multa,55fdbb4_314,15000,0.0,424,0.57,15000,0.0,565,0.43
688,multa,55fdbb4_516,5609,0.32,1934,0.45,15000,0.0,4114,0.23
689,multa,5705f27_152,15000,0.0,15000,0.0,15000,0.0,15000,0.0
690,multa,5705f27_187,15000,0.0,3631,0.4,15000,0.0,655,0.42
691,multa,5705f27_196,15000,0.0,2237,0.44,15000,0.0,573,0.43
692,multa,5705f27_206,9561,0.27,482,0.56,15000,0.0,2355,0.29
693,multa,5705f27_208,15000,0.0,1836,0.46,15000,0.0,3076,0.26
694,multa,5705f27_215,15000,0.0,5015,0.37,15000,0.0,3072,0.26
695,multa,5705f27_216,15000,0.0,296,0.58,15000,0.0,446,0.46
696,multa,5705f27_217,15000,0.0,43,0.7,15000,0.0,9,0.73
697,multa,5705f27_229,15000,0.0,116,0.63,15000,0.0,109,0.6
698,multa,5a4270a_54,15000,0.0,1533,0.47,15000,0.0,165,0.57
699,multa,5a4270a_55,15000,0.0,5580,0.36,15000,0.0,15000,0.0
700,multa,5a4270a_57,15000,0.0,1689,0.47,15000,0.0,1510,0.33
701,multa,5a4270a_58,15000,0.0,2319,0.44,15000,0.0,877,0.39
702,multa,5a4270a_59,15000,0.0,3407,0.4,15000,0.0,1111,0.36
703,multa,5a4270a_60,15000,0.0,3193,0.41,15000,0.0,1241,0.35
704,multa,5a4270a_62,15000,0.0,1082,0.5,15000,0.0,465,0.46
705,multa,5a4270a_63,15000,0.0,1785,0.46,15000,0.0,1021,0.37
706,multa,5a4270a_64,15000,0.0,8714,0.31,15000,0.0,1128,0.36
707,multa,5a4270a_65,15000,0.0,1667,0.47,15000,0.0,2703,0.28
708,multa,5a4270a_66,15000,0.0,4364,0.38,15000,0.0,800,0.4
709,multa,5a4270a_67,15000,0.0,3748,0.39,15000,0.0,1719,0.32
710,multa,5c54e9a_71,15000,0.0,1163,0.5,15000,0.0,1069,0.37
711,multa,5c54e9a_80,8721,0.28,1042,0.5,15000,0.0,3706,0.24
712,multa,5c54e9a_82,15000,0.0,259,0.59,15000,0.0,99,0.61
713,multa,5ca494a_80,15000,0.0,2,1.0,15000,0.0,2,1.0
714,multa,5ca494a_91,15000,0.0,662,0.54,15000,0.0,346,0.49
715,multa,5ca494a_92,15000,0.0,2429,0.43,15000,0.0,267,0.52
716,multa,5ca494a_94,15000,0.0,5131,0.36,15000,0.0,1182,0.36
717,multa,5ca494a_96,15000,0.0,1972,0.45,15000,0.0,1285,0.35
718,multa,5ca494a_97,15000,0.0,5121,0.36,15000,0.0,600,0.43
719,multa,5ca494a_98,15000,0.0,582,0.55,15000,0.0,523,0.44
720,multa,5ca494a_126,15000,0.0,850,0.52,15000,0.0,973,0.38
721,multa,5ca494a_156,15000,0.0,165,0.61,15000,0.0,2031,0.31
722,multa,5eb3387_122,15000,0.0,1989,0.45,15000,0.0,2901,0.27
723,multa,5eb3387_136,15000,0.0,3225,0.41,15000,0.0,3516,0.25
724,multa,5eb3387_148,15000,0.0,3453,0.4,15000,0.0,15000,0.0
725,multa,5eb3387_162,15000,0.0,428,0.57,15000,0.0,2300,0.29
726,multa,5eb3387_164,15000,0.0,66,0.66,15000,0.0,916,0.38
727,multa,5eb3387_165,15000,0.0,3198,0.41,15000,0.0,1749,0.32
728,multa,5eb3387_167,15000,0.0,2681,0.42,15000,0.0,698,0.41
729,multa,5f9ee58_557,15000,0.0,261,0.59,15000,0.0,76,0.62
730,multa,5f9ee58_566,15000,0.0,3843,0.39,15000,0.0,15000,0.0
731,multa,5f9ee58_568,15000,0.0,504,0.55,15000,0.0,1364,0.34
732,multa,5f9ee58_571,15000,0.0,6533,0.34,15000,0.0,4815,0.21
733,multa,644a9bb_88,15000,0.0,598,0.55,15000,0.0,2066,0.31
734,multa,644a9bb_89,15000,0.0,1608,0.47,15000,0.0,1459,0.34
735,multa,644a9bb_90,15000,0.0,1889,0.46,15000,0.0,2606,0.28
736,multa,644a9bb_91,15000,0.0,6184,0.34,15000,0.0,4372,0.22
737,multa,644a9bb_92,15000,0.0,3179,0.41,15000,0.0,3146,0.26
738,multa,644a9bb_93,15000,0.0,5532,0.36,15000,0.0,1191,0.36
739,multa,644a9bb_112,15000,0.0,14,0.72,15000,0.0,39,0.65
740,multa,644a9bb_113,15000,0.0,664,0.54,15000,0.0,853,0.39
741,multa,644a9bb_116,15000,0.0,300,0.58,15000,0.0,687,0.41
742,multa,644dcc9_406,15000,0.0,1094,0.5,15000,0.0,770,0.4
743,multa,644dcc9_409,7349,0.29,549,0.55,15000,0.0,383,0.47
744,multa,644dcc9_412,15000,0.0,531,0.55,15000,0.0,1288,0.35
745,multa,644dcc9_416,8694,0.28,2771,0.42,15000,0.0,1351,0.34
746,multa,6458c88_44,15000,0.0,3895,0.39,15000,0.0,4968,0.21
747,multa,6458c88_80,15000,0.0,3825,0.39,15000,0.0,4634,0.21
748,multa,6458c88_157,15000,0.0,4646,0.37,15000,0.0,2824,0.27
749,multa,6458c88_160,3133,0.37,1762,0.46,15000,0.0,4426,0.22
750,multa,6458c88_162,5022,0.33,2781,0.42,15000,0.0,1960,0.31
751,multa,646824a_554,15000,0.0,8190,0.31,15000,0.0,15000,0.0
752,multa,646824a_566,15000,0.0,1997,0.45,15000,0.0,376,0.48
753,multa,646824a_572,15000,0.0,890,0.52,15000,0.0,525,0.44
754,multa,6874170_88,15000,0.0,1825,0.46,15000,0.0,3315,0.25
755,multa,6874170_91,15000,0.0,3272,0.4,15000,0.0,2860,0.27
756,multa,6874170_93,15000,0.0,2335,0.44,15000,0.0,1330,0.34
757,multa,6874170_95,15000,0.0,688,0.54,15000,0.0,469,0.46
758,multa,6874170_96,15000,0.0,1725,0.47,15000,0.0,892,0.38
759,multa,6874170_98,7001,0.3,5180,0.36,15000,0.0,4712,0.21
760,multa,6874170_101,15000,0.0,1444,0.48,15000,0.0,4368,0.22
761,multa,6874170_102,15000,0.0,3073,0.41,15000,0.0,1319,0.35
762,multa,6a85bfd_73,15000,0.0,1323,0.48,15000,0.0,1580,0.33
763,multa,6a85bfd_74,15000,0.0,1307,0.49,15000,0.0,2520,0.29
764,multa,6a85bfd_102,15000,0.0,3346,0.4,15000,0.0,2343,0.29
765,multa,6a85bfd_104,15000,0.0,2062,0.45,15000,0.0,3078,0.26
766,multa,6a85bfd_105,15000,0.0,358,0.58,15000,0.0,284,0.51
767,multa,6a85bfd_117,354,0.51,2747,0.42,15000,0.0,2062,0.31
768,multa,6c5f083_100,15000,0.0,1264,0.49,15000,0.0,748,0.4
769,multa,6c5f083_106,15000,0.0,4098,0.39,15000,0.0,3387,0.25
770,multa,6c5f083_115,340,0.51,3143,0.41,15000,0.0,2448,0.29
771,multa,6dd2466_64,15000,0.0,922,0.51,15000,0.0,1631,0.33
772,multa,6dd2466_86,15000,0.0,3313,0.4,15000,0.0,15000,0.0
773,multa,6dd2466_90,15000,0.0,1345,0.48,15000,0.0,3912,0.23
774,multa,6dd2466_92,15000,0.0,4158,0.38,15000,0.0,2495,0.29
775,multa,6dd2466_93,15000,0.0,56,0.67,15000,0.0,85,0.61
776,multa,6dd2466_94,7895,0.29,1240,0.49,15000,0.0,1228,0.35
777,multa,6dd2466_95,2810,0.38,589,0.55,15000,0.0,4699,0.21
778,multa,6dd2466_100,15000,0.0,780,0.53,15000,0.0,561,0.43
779,multa,6dd2466_102,15000,0.0,543,0.55,15000,0.0,619,0.42
780,multa,6df75ce_230,15000,0.0,1973,0.45,15000,0.0,1953,0.31
781,multa,6ed3f17_143,7929,0.29,7149,0.33,15000,0.0,15000,0.0
782,multa,6ed3f17_264,15000,0.0,106,0.64,15000,0.0,81,0.62
783,multa,6ed3f17_269,15000,0.0,434,0.57,15000,0.0,615,0.42
784,multa,708b180_36,15000,0.0,3507,0.4,15000,0.0,15000,0.0
785,multa,708b180_44,15000,0.0,1292,0.49,15000,0.0,1836,0.32
786,multa,708b180_56,2019,0.4,612,0.55,15000,0.0,2990,0.26
787,multa,708b180_68,15000,0.0,3401,0.4,15000,0.0,1083,0.36
788,multa,708b180_69,15000,0.0,724,0.53,15000,0.0,856,0.39
789,multa,708b180_70,15000,0.0,2698,0.42,15000,0.0,657,0.42
790,multa,708b180_71,9767,0.27,2250,0.44,15000,0.0,2156,0.3
791,multa,708b180_72,15000,0.0,723,0.53,15000,0.0,4892,0.21
792,multa,708b180_77,3623,0.35,7285,0.33,15000,0.0,1368,0.34
793,multa,708b180_78,15000,0.0,2940,0.42,15000,0.0,1138,0.36
794,multa,708b180_79,15000,0.0,1336,0.48,15000,0.0,886,0.38
795,multa,708b180_80,4448,0.34,1391,0.48,15000,0.0,1374,0.34
796,multa,708b180_81,15000,0.0,703,0.54,15000,0.0,147,0.58
797,multa,708b180_82,15000,0.0,166,0.61,15000,0.0,338,0.49
798,multa,708b180_83,15000,0.0,149,0.62,15000,0.0,959,0.38
799,multa,708b180_84,15000,0.0,205,0.61,15000,0.0,292,0.51
800,multa,708b180_87,15000,0.0,1473,0.48,15000,0.0,1068,0.37
801,multa,708b180_90,15000,0.0,2409,0.43,15000,0.0,3959,0.23
802,multa,708b180_91,15000,0.0,3981,0.39,15000,0.0,744,0.4
803,multa,708b180_97,15000,0.0,1890,0.46,15000,0.0,4306,0.22
804,multa,708b180_108,664,0.48,3130,0.41,15000,0.0,1163,0.36
805,multa,708b180_115,15000,0.0,185,0.61,15000,0.0,1080,0.37
806,multa,708b180_116,15000,0.0,2141,0.45,15000,0.0,2165,0.3
807,multa,71e0ae7_85,15000,0.0,1708,0.47,15000,0.0,496,0.45
808,multa,71e0ae7_328,15000,0.0,1713,0.47,15000,0.0,1450,0.34
809,multa,71e0ae7_329,7224,0.3,3004,0.41,15000,0.0,2046,0.31
810,multa,71e0ae7_330,2925,0.37,1255,0.49,15000,0.0,15000,0.0
811,multa,71e0ae7_332,15000,0.0,3517,0.4,15000,0.0,1775,0.32
812,multa,71e0ae7_88,15000,0.0,666,0.54,15000,0.0,762,0.4
813,multa,71e0ae7_89,15000,0.0,2241,0.44,15000,0.0,1988,0.31
814,multa,71e0ae7_92,15000,0.0,4376,0.38,15000,0.0,884,0.38
815,multa,71e0ae7_95,15000,0.0,496,0.56,15000,0.0,944,0.38
816,multa,71e0ae7_102,3198,0.36,917,0.51,15000,0.0,1016,0.37
817,multa,71e0ae7_103,15000,0.0,15000,0.0,15000,0.0,15000,0.0
818,multa,71e0ae7_107,15000,0.0,2654,0.42,15000,0.0,2601,0.28
819,multa,71e0ae7_176,15000,0.0,1136,0.5,15000,0.0,3491,0.25
820,multa,71e0ae7_178,15000,0.0,2469,0.43,15000,0.0,1377,0.34
821,multa,71e0ae7_192,15000,0.0,6218,0.34,15000,0.0,5037,0.2
822,multa,71e0ae7_339,5610,0.32,1935,0.45,15000,0.0,4115,0.23
823,multa,7289291_81,15000,0.0,319,0.58,15000,0.0,62,0.63
824,multa,7289291_159,15000,0.0,318,0.58,15000,0.0,441,0.46
825,multa,7289291_176,8722,0.28,1043,0.5,15000,0.0,3707,0.24
826,multa,7289291_178,1807,0.41,4942,0.37,15000,0.0,1331,0.34
827,multa,7289291_183,6299,0.31,5771,0.35,15000,0.0,2773,0.27
828,multa,731dbf0_123,15000,0.0,15000,0.0,15000,0.0,15000,0.0
829,multa,731dbf0_124,15000,0.0,15000,0.0,15000,0.0,15000,0.0
830,multa,731dbf0_125,15000,0.0,15000,0.0,15000,0.0,15000,0.0
831,multa,731dbf0_128,15000,0.0,15000,0.0,15000,0.0,15000,0.0
832,multa,731dbf0_129,15000,0.0,15000,0.0,15000,0.0,15000,0.0
833,multa,731dbf0_130,15000,0.0,15000,0.0,15000,0.0,2895,0.27
834,multa,731dbf0_133,15000,0.0,15000,0.0,15000,0.0,15000,0.0
835,multa,731dbf0_134,5616,0.32,4700,0.37,15000,0.0,15000,0.0
836,multa,731dbf0_135,15000,0.0,2084,0.45,15000,0.0,15000,0.0
837,multa,731dbf0_136,15000,0.0,5406,0.36,15000,0.0,2363,0.29
838,multa,731dbf0_138,15000,0.0,830,0.52,15000,0.0,1601,0.33
839,multa,735ad07_38,15000,0.0,3110,0.41,15000,0.0,741,0.4
840,multa,735ad07_46,15000,0.0,7966,0.32,15000,0.0,4417,0.22
841,multa,735ad07_53,15000,0.0,1557,0.47,15000,0.0,1030,0.37
842,multa,735ad07_55,15000,0.0,204,0.61,15000,0.0,1155,0.36
843,multa,735ad07_61,15000,0.0,5196,0.36,15000,0.0,1081,0.36
844,multa,735ad07_77,15000,0.0,1442,0.48,15000,0.0,360,0.48
845,multa,735ad07_80,15000,0.0,1626,0.47,15000,0.0,520,0.44
846,multa,735ad07_82,15000,0.0,15000,0.0,15000,0.0,3775,0.24
847,multa,735ad07_86,15000,0.0,4199,0.38,15000,0.0,1570,0.33
848,multa,735ad07_88,15000,0.0,15000,0.0,15000,0.0,2935,0.26
849,multa,735ad07_91,15000,0.0,15000,0.0,15000,0.0,2568,0.28
850,multa,735ad07_93,15000,0.0,305,0.58,15000,0.0,829,0.39
851,multa,735ad07_97,15000,0.0,4668,0.37,15000,0.0,1840,0.32
852,multa,735ad07_100,15000,0.0,736,0.53,15000,0.0,953,0.38
853,multa,735ad07_102,15000,0.0,6996,0.33,15000,0.0,15000,0.0
854,multa,735ad07_107,15000,0.0,2699,0.42,15000,0.0,3262,0.25
855,multa,735ad07_112,15000,0.0,380,0.57,15000,0.0,659,0.42
856,multa,735ad07_113,15000,0.0,2202,0.44,15000,0.0,1477,0.34
857,multa,735ad07_119,15000,0.0,725,0.53,15000,0.0,2702,0.28
858,multa,735ad07_124,15000,0.0,942,0.51,15000,0.0,1966,0.31
859,multa,735ad07_127,15000,0.0,6092,0.35,15000,0.0,1861,0.32
860,multa,735ad07_129,15000,0.0,2798,0.42,15000,0.0,996,0.37
861,multa,735ad07_131,15000,0.0,2551,0.43,15000,0.0,1936,0.31
862,multa,735ad07_132,15000,0.0,773,0.53,15000,0.0,1008,0.37
863,multa,735ad07_133,15000,0.0,5377,0.36,15000,0.0,2548,0.28
864,multa,735ad07_134,15000,0.0,6338,0.34,15000,0.0,3660,0.24
865,multa,735ad07_136,15000,0.0,1690,0.47,15000,0.0,3232,0.25
866,multa,735ad07_138,15000,0.0,15000,0.0,15000,0.0,1384,0.34
867,multa,735ad07_140,15000,0.0,15000,0.0,15000,0.0,4939,0.21
868,multa,735ad07_142,15000,0.0,15000,0.0,15000,0.0,5004,0.2
869,multa,735ad07_144,15000,0.0,15000,0.0,15000,0.0,2053,0.31
870,multa,735ad07_145,15000,0.0,3094,0.41,15000,0.0,4631,0.21
871,multa,735ad07_148,15000,0.0,7611,0.32,15000,0.0,15000,0.0
872,multa,735ad07_150,15000,0.0,15000,0.0,15000,0.0,15000,0.0
873,multa,735ad07_156,928,0.46,1490,0.48,15000,0.0,2586,0.28
874,multa,735ad07_157,15000,0.0,2247,0.44,15000,0.0,1524,0.33
875,multa,735ad07_161,15000,0.0,267,0.59,15000,0.0,100,0.61
876,multa,735ad07_162,15000,0.0,5473,0.36,15000,0.0,1954,0.31
877,multa,735ad07_165,15000,0.0,1778,0.46,15000,0.0,4859,0.21
878,multa,735ad07_168,15000,0.0,180,0.61,15000,0.0,605,0.42
879,multa,735ad07_170,15000,0.0,69,0.66,15000,0.0,535,0.44
880,multa,735ad07_171,15000,0.0,2739,0.42,15000,0.0,4332,0.22
881,multa,73cfebc_100,15000,0.0,770,0.53,15000,0.0,266,0.52
882,multa,73cfebc_101,15000,0.0,633,0.54,15000,0.0,313,0.5
883,multa,73cfebc_102,15000,0.0,1165,0.5,15000,0.0,780,0.4
884,multa,73cfebc_103,15000,0.0,2218,0.44,15000,0.0,2772,0.27
885,multa,73cfebc_104,15000,0.0,5122,0.36,15000,0.0,601,0.43
886,multa,7401043_100,15000,0.0,5398,0.36,15000,0.0,1088,0.36
887,multa,7401043_108,15000,0.0,7009,0.33,15000,0.0,2500,0.29
888,multa,7401043_110,15000,0.0,245,0.6,15000,0.0,113,0.59
889,multa,7401043_112,15000,0.0,1076,0.5,15000,0.0,710,0.41
890,multa,7401043_116,15000,0.0,109,0.64,15000,0.0,517,0.44
891,multa,753300f_339,15000,0.0,2911,0.42,15000,0.0,2945,0.26
892,multa,753300f_340,15000,0.0,2606,0.43,15000,0.0,4734,0.21
893,multa,753300f_341,15000,0.0,7440,0.32,15000,0.0,1613,0.33
894,multa,753300f_342,15000,0.0,9273,0.3,15000,0.0,15000,0.0
895,multa,753300f_345,15000,0.0,1010,0.51,15000,0.0,330,0.5
896,multa,753300f_346,6836,0.3,796,0.52,15000,0.0,604,0.43
897,multa,753300f_347,8610,0.28,142,0.62,15000,0.0,358,0.49
898,multa,753300f_350,4753,0.33,684,0.54,15000,0.0,473,0.45
899,multa,753300f_357,15000,0.0,2142,0.45,15000,0.0,4317,0.22
900,multa,765d4ea_342,15000,0.0,5278,0.36,15000,0.0,1044,0.37
901,multa,765d4ea_365,15000,0.0,5153,0.36,15000,0.0,1387,0.34
902,multa,765d4ea_366,15000,0.0,5066,0.37,15000,0.0,3019,0.26
903,multa,765d4ea_367,15000,0.0,2952,0.42,15000,0.0,2257,0.3
904,multa,765d4ea_374,15000,0.0,2154,0.45,15000,0.0,4035,0.23
905,multa,767c669_333,15000,0.0,5279,0.36,15000,0.0,1045,0.37
906,multa,767c669_356,15000,0.0,5373,0.36,15000,0.0,1388,0.34
907,multa,767c669_357,15000,0.0,5067,0.37,15000,0.0,3020,0.26
908,multa,767c669_358,15000,0.0,2949,0.42,15000,0.0,2223,0.3
909,multa,767c669_365,15000,0.0,2155,0.45,15000,0.0,4036,0.23
910,multa,76b6e7f_141,15000,0.0,1272,0.49,15000,0.0,713,0.41
911,multa,76b6e7f_150,15000,0.0,961,0.51,15000,0.0,609,0.42
912,multa,76b6e7f_161,15000,0.0,483,0.56,15000,0.0,2249,0.3
913,multa,76b6e7f_162,7736,0.29,446,0.56,15000,0.0,2615,0.28
914,multa,76b6e7f_164,9303,0.27,333,0.58,15000,0.0,102,0.61
915,multa,78a302a_52,15000,0.0,4664,0.37,15000,0.0,15000,0.0
916,multa,78a302a_125,15000,0.0,1820,0.46,15000,0.0,2478,0.29
917,multa,78a302a_160,4329,0.34,2134,0.45,15000,0.0,15000,0.0
918,multa,78a302a_168,15000,0.0,453,0.56,15000,0.0,1880,0.31
919,multa,78a302a_169,15000,0.0,1918,0.46,15000,0.0,1487,0.34
920,multa,78a302a_171,15000,0.0,2981,0.41,15000,0.0,1645,0.33
921,multa,78a302a_175,15000,0.0,1039,0.5,15000,0.0,3126,0.26
922,multa,7c4a8f5_385,15000,0.0,2829,0.42,15000,0.0,4262,0.22
923,multa,7c4a8f5_386,15000,0.0,1830,0.46,15000,0.0,483,0.45
924,multa,7c4a8f5_387,15000,0.0,1447,0.48,15000,0.0,1703,0.33
925,multa,7c4a8f5_389,7930,0.29,584,0.55,15000,0.0,374,0.48
926,multa,7c4a8f5_391,8719,0.28,407,0.57,15000,0.0,1032,0.37
927,multa,7c4a8f5_396,9908,0.27,2673,0.42,15000,0.0,1244,0.35
928,multa,7c850af_87,15000,0.0,8709,0.31,15000,0.0,2391,0.29
929,multa,7c850af_90,15000,0.0,6751,0.33,15000,0.0,2321,0.29
930,multa,7c850af_102,9382,0.27,480,0.56,15000,0.0,63,0.63
931,multa,7c850af_104,15000,0.0,10,0.75,15000,0.0,18,0.68
932,multa,7c8d2c5_69,15000,0.0,1195,0.49,15000,0.0,2883,0.27
933,multa,7eab6c1_495,15000,0.0,3689,0.39,15000,0.0,949,0.38
934,multa,7eab6c1_530,15000,0.0,5798,0.35,15000,0.0,3083,0.26
935,multa,7eab6c1_531,15000,0.0,1953,0.45,15000,0.0,15000,0.0
936,multa,819398e_38,15000,0.0,8367,0.31,15000,0.0,15000,0.0
937,multa,819398e_49,15000,0.0,1147,0.5,15000,0.0,1189,0.36
938,multa,819398e_63,2020,0.4,613,0.55,15000,0.0,2991,0.26
939,multa,819398e_78,15000,0.0,4386,0.38,15000,0.0,1881,0.31
940,multa,819398e_80,15000,0.0,802,0.52,15000,0.0,1036,0.37
941,multa,819398e_81,15000,0.0,5619,0.35,15000,0.0,2674,0.28
942,multa,819398e_82,15000,0.0,3920,0.39,15000,0.0,3376,0.25
943,multa,819398e_89,5878,0.31,6443,0.34,15000,0.0,1827,0.32
944,multa,819398e_92,4010,0.34,2074,0.45,15000,0.0,1500,0.34
945,multa,819398e_93,15000,0.0,207,0.6,15000,0.0,64,0.63
946,multa,819398e_94,15000,0.0,169,0.61,15000,0.0,324,0.5
947,multa,819398e_95,15000,0.0,153,0.62,15000,0.0,978,0.38
948,multa,819398e_96,15000,0.0,277,0.59,15000,0.0,268,0.52
949,multa,819398e_99,15000,0.0,1372,0.48,15000,0.0,938,0.38
950,multa,819398e_102,15000,0.0,1911,0.46,15000,0.0,1637,0.33
951,multa,819398e_109,15000,0.0,372,0.57,15000,0.0,280,0.51
952,multa,819398e_126,15000,0.0,601,0.55,15000,0.0,2021,0.31
953,multa,838e245_344,15000,0.0,5280,0.36,15000,0.0,1046,0.37
954,multa,838e245_367,15000,0.0,5374,0.36,15000,0.0,1389,0.34
955,multa,838e245_368,15000,0.0,5068,0.37,15000,0.0,3021,0.26
956,multa,838e245_369,15000,0.0,2953,0.42,15000,0.0,2258,0.3
957,multa,838e245_376,15000,0.0,2156,0.45,15000,0.0,4037,0.23
958,multa,83ec27d_89,15000,0.0,3760,0.39,15000,0.0,2278,0.29
959,multa,83ec27d_126,15000,0.0,2614,0.43,15000,0.0,2855,0.27
960,multa,83ec27d_127,15000,0.0,58,0.67,15000,0.0,6,0.76
961,multa,83ec27d_128,15000,0.0,953,0.51,15000,0.0,1194,0.36
962,multa,83ec27d_134,15000,0.0,138,0.63,15000,0.0,788,0.4
963,multa,8436b4f_94,15000,0.0,1694,0.47,15000,0.0,2034,0.31
964,multa,8436b4f_96,15000,0.0,6632,0.34,15000,0.0,2167,0.3
965,multa,8436b4f_99,15000,0.0,5908,0.35,15000,0.0,15000,0.0
966,multa,8436b4f_100,15000,0.0,1602,0.47,15000,0.0,2171,0.3
967,multa,8436b4f_101,15000,0.0,15000,0.0,15000,0.0,15000,0.0
968,multa,846f57e_68,15000,0.0,1335,0.48,15000,0.0,1307,0.35
969,multa,846f57e_69,15000,0.0,1894,0.46,15000,0.0,3933,0.23
970,multa,846f57e_73,15000,0.0,731,0.53,15000,0.0,1078,0.37
971,multa,846f57e_86,341,0.51,3144,0.41,15000,0.0,2449,0.29
972,multa,85d7464_42,3596,0.35,1496,0.48,15000,0.0,2064,0.31
973,multa,85d7464_43,15000,0.0,2725,0.42,15000,0.0,1495,0.34
974,multa,85d7464_47,15000,0.0,7616,0.32,15000,0.0,2581,0.28
975,multa,85d7464_51,15000,0.0,47,0.69,15000,0.0,110,0.6
976,multa,85d7464_52,15000,0.0,760,0.53,15000,0.0,1114,0.36
977,multa,85d7464_53,15000,0.0,46,0.69,15000,0.0,11,0.69
978,multa,85d7464_54,15000,0.0,3958,0.39,15000,0.0,15000,0.0
979,multa,85d7464_55,3961,0.35,470,0.56,15000,0.0,1395,0.34
980,multa,85d7464_56,15000,0.0,117,0.63,15000,0.0,232,0.54
981,multa,85d7464_57,9573,0.27,283,0.59,15000,0.0,840,0.39
982,multa,85d7464_58,15000,0.0,346,0.58,15000,0.0,797,0.4
983,multa,85d7464_59,266,0.53,2566,0.43,15000,0.0,4019,0.23
984,multa,85d7464_60,15000,0.0,37,0.7,15000,0.0,13,0.69
985,multa,85d7464_61,15000,0.0,103,0.64,15000,0.0,1486,0.34
986,multa,881adeb_72,15000,0.0,1211,0.49,15000,0.0,2605,0.28
987,multa,889f980_131,15000,0.0,1709,0.47,15000,0.0,497,0.45
988,multa,889f980_651,15000,0.0,1714,0.47,15000,0.0,1451,0.34
989,multa,889f980_652,15000,0.0,4035,0.39,15000,0.0,1982,0.31
990,multa,889f980_653,5119,0.33,1999,0.45,15000,0.0,3036,0.26
991,multa,889f980_654,15000,0.0,3518,0.4,15000,0.0,1776,0.32
992,multa,889f980_133,15000,0.0,667,0.54,15000,0.0,763,0.4
993,multa,889f980_134,15000,0.0,2242,0.44,15000,0.0,1989,0.31
994,multa,889f980_137,15000,0.0,4377,0.38,15000,0.0,885,0.38
995,multa,889f980_140,15000,0.0,196,0.61,15000,0.0,529,0.44
996,multa,889f980_148,3199,0.36,918,0.51,15000,0.0,1017,0.37
997,multa,889f980_288,6512,0.31,455,0.56,15000,0.0,1347,0.34
998,multa,889f980_289,15000,0.0,642,0.54,15000,0.0,1067,0.37
999,multa,889f980_297,15000,0.0,935,0.51,15000,0.0,3252,0.25
1000,multa,889f980_299,15000,0.0,2470,0.43,15000,0.0,1378,0.34
1001,multa,889f980_331,6200,0.31,9211,0.3,15000,0.0,4809,0.21
1002,multa,889f980_361,15000,0.0,6219,0.34,15000,0.0,5038,0.2
1003,multa,889f980_450,15000,0.0,1955,0.45,15000,0.0,3566,0.24
1004,multa,889f980_460,15000,0.0,422,0.57,15000,0.0,478,0.45
1005,multa,889f980_461,3852,0.35,307,0.58,15000,0.0,851,0.39
1006,multa,889f980_462,15000,0.0,1870,0.46,15000,0.0,1060,0.37
1007,multa,889f980_464,7002,0.3,5181,0.36,15000,0.0,4713,0.21
1008,multa,889f980_465,15000,0.0,41,0.7,15000,0.0,302,0.51
1009,multa,889f980_661,5611,0.32,1936,0.45,15000,0.0,4116,0.23
1010,multa,88ad2ff_444,15000,0.0,2957,0.42,15000,0.0,701,0.41
1011,multa,88ad2ff_447,5666,0.32,2723,0.42,15000,0.0,2176,0.3
1012,multa,88ad2ff_448,15000,0.0,1990,0.45,15000,0.0,15000,0.0
1013,multa,8a29c72_98,15000,0.0,2078,0.45,15000,0.0,3028,0.26
1014,multa,8bfe671_402,15000,0.0,1095,0.5,15000,0.0,771,0.4
1015,multa,8bfe671_405,7350,0.29,550,0.55,15000,0.0,384,0.47
1016,multa,8bfe671_408,15000,0.0,532,0.55,15000,0.0,1289,0.35
1017,multa,8bfe671_412,8695,0.28,2772,0.42,15000,0.0,1352,0.34
1018,multa,8c00d11_15,15000,0.0,2912,0.42,15000,0.0,3947,0.23
1019,multa,8c00d11_52,15000,0.0,80,0.66,15000,0.0,539,0.44
1020,multa,8c00d11_60,15000,0.0,68,0.66,15000,0.0,622,0.42
1021,multa,8c00d11_62,15000,0.0,15000,0.0,15000,0.0,4993,0.2
1022,multa,8c00d11_63,15000,0.0,15000,0.0,15000,0.0,15000,0.0
1023,multa,8c00d11_64,15000,0.0,8194,0.31,15000,0.0,15000,0.0
1024,multa,8c00d11_65,15000,0.0,7035,0.33,15000,0.0,15000,0.0
1025,multa,8c00d11_66,15000,0.0,8272,0.31,15000,0.0,15000,0.0
1026,multa,8c00d11_67,15000,0.0,15000,0.0,15000,0.0,15000,0.0
1027,multa,8c00d11_68,6866,0.3,15000,0.0,15000,0.0,15000,0.0
1028,multa,8c00d11_70,15000,0.0,15000,0.0,15000,0.0,15000,0.0
1029,multa,8c00d11_71,15000,0.0,8137,0.31,15000,0.0,15000,0.0
1030,multa,8c00d11_72,15000,0.0,855,0.52,15000,0.0,1370,0.34
1031,multa,8c00d11_74,7794,0.29,272,0.59,15000,0.0,103,0.6
1032,multa,8e3b82d_39,15000,0.0,3385,0.4,15000,0.0,15000,0.0
1033,multa,8e3b82d_49,15000,0.0,1122,0.5,15000,0.0,1267,0.35
1034,multa,8e3b82d_63,2021,0.4,614,0.55,15000,0.0,2992,0.26
1035,multa,8e3b82d_78,15000,0.0,6099,0.34,15000,0.0,2217,0.3
1036,multa,8e3b82d_79,15000,0.0,803,0.52,15000,0.0,1037,0.37
1037,multa,8e3b82d_80,15000,0.0,5079,0.37,15000,0.0,2505,0.29
1038,multa,8e3b82d_89,5085,0.33,7544,0.32,15000,0.0,1979,0.31
1039,multa,8e3b82d_93,4294,0.34,2104,0.45,15000,0.0,1313,0.35
1040,multa,8e3b82d_94,15000,0.0,208,0.6,15000,0.0,65,0.63
1041,multa,8e3b82d_95,15000,0.0,170,0.61,15000,0.0,325,0.5
1042,multa,8e3b82d_96,15000,0.0,154,0.62,15000,0.0,979,0.38
1043,multa,8e3b82d_97,15000,0.0,236,0.6,15000,0.0,276,0.52
1044,multa,8e3b82d_100,15000,0.0,1260,0.49,15000,0.0,936,0.38
1045,multa,8e3b82d_103,15000,0.0,1486,0.48,15000,0.0,2591,0.28
1046,multa,8e3b82d_104,15000,0.0,1629,0.47,15000,0.0,504,0.45
1047,multa,8e3b82d_108,15000,0.0,315,0.58,15000,0.0,289,0.51
1048,multa,8e3b82d_126,15000,0.0,602,0.55,15000,0.0,2022,0.31
1049,multa,8e81fe2_102,15000,0.0,1710,0.47,15000,0.0,498,0.45
1050,multa,8e81fe2_618,15000,0.0,3397,0.4,15000,0.0,1724,0.32
1051,multa,8e81fe2_619,15000,0.0,4944,0.37,15000,0.0,3600,0.24
1052,multa,8e81fe2_620,3990,0.35,1649,0.47,15000,0.0,4285,0.22
1053,multa,8e81fe2_621,15000,0.0,3519,0.4,15000,0.0,1777,0.32
1054,multa,8e81fe2_104,15000,0.0,668,0.54,15000,0.0,764,0.4
1055,multa,8e81fe2_105,15000,0.0,2243,0.44,15000,0.0,1990,0.31
1056,multa,8e81fe2_108,15000,0.0,4148,0.38,15000,0.0,1022,0.37
1057,multa,8e81fe2_111,15000,0.0,197,0.61,15000,0.0,530,0.44
1058,multa,8e81fe2_119,4018,0.34,857,0.52,15000,0.0,1052,0.37
1059,multa,8e81fe2_276,6513,0.31,456,0.56,15000,0.0,1348,0.34
1060,multa,8e81fe2_277,15000,0.0,1425,0.48,15000,0.0,1213,0.35
1061,multa,8e81fe2_285,15000,0.0,1137,0.5,15000,0.0,3492,0.25
1062,multa,8e81fe2_287,15000,0.0,2471,0.43,15000,0.0,1379,0.34
1063,multa,8e81fe2_316,8779,0.28,8976,0.3,15000,0.0,15000,0.0
1064,multa,8e81fe2_346,15000,0.0,6220,0.34,15000,0.0,5039,0.2
1065,multa,8e81fe2_437,15000,0.0,1956,0.45,15000,0.0,3567,0.24
1066,multa,8e81fe2_447,15000,0.0,522,0.55,15000,0.0,783,0.4
1067,multa,8e81fe2_448,3853,0.35,308,0.58,15000,0.0,852,0.39
1068,multa,8e81fe2_449,15000,0.0,1871,0.46,15000,0.0,1061,0.37
1069,multa,8e81fe2_451,7003,0.3,5182,0.36,15000,0.0,4714,0.21
1070,multa,8e81fe2_452,15000,0.0,42,0.7,15000,0.0,303,0.51
1071,multa,8e81fe2_469,15000,0.0,4751,0.37,15000,0.0,1109,0.36
1072,multa,8e81fe2_628,5612,0.32,1937,0.45,15000,0.0,4117,0.23
1073,multa,8ed012f_337,15000,0.0,5281,0.36,15000,0.0,1047,0.37
1074,multa,8ed012f_360,15000,0.0,5375,0.36,15000,0.0,1390,0.34
1075,multa,8ed012f_361,15000,0.0,5069,0.37,15000,0.0,3022,0.26
1076,multa,8ed012f_362,15000,0.0,2954,0.42,15000,0.0,2259,0.3
1077,multa,8ed012f_369,15000,0.0,2157,0.45,15000,0.0,4038,0.23
1078,multa,8eff719_59,15000,0.0,1005,0.51,15000,0.0,3229,0.25
1079,multa,8eff719_71,15000,0.0,546,0.55,15000,0.0,1171,0.36
1080,multa,8eff719_79,15000,0.0,5528,0.36,15000,0.0,5142,0.2
1081,multa,8eff719_103,2120,0.4,828,0.52,15000,0.0,1764,0.32
1082,multa,8eff719_164,15000,0.0,2424,0.43,15000,0.0,5130,0.2
1083,multa,8eff719_166,15000,0.0,450,0.56,15000,0.0,1711,0.32
1084,multa,8eff719_168,15000,0.0,8846,0.31,15000,0.0,15000,0.0
1085,multa,8eff719_169,15000,0.0,7626,0.32,15000,0.0,3618,0.24
1086,multa,8eff719_170,15000,0.0,51,0.68,15000,0.0,1751,0.32
1087,multa,8eff719_171,15000,0.0,15000,0.0,15000,0.0,15000,0.0
1088,multa,8eff719_172,5889,0.31,5297,0.36,15000,0.0,1324,0.34
1089,multa,8eff719_173,15000,0.0,242,0.6,15000,0.0,31,0.66
1090,multa,8eff719_174,8061,0.29,628,0.54,15000,0.0,15000,0.0
1091,multa,8eff719_180,342,0.51,3145,0.41,15000,0.0,2450,0.29
1092,multa,8eff719_181,15000,0.0,8,0.76,15000,0.0,41,0.65
1093,multa,8eff719_182,15000,0.0,1189,0.49,15000,0.0,15000,0.0
1094,multa,8eff719_183,15000,0.0,141,0.62,15000,0.0,265,0.52
1095,multa,8eff719_184,9623,0.27,573,0.55,15000,0.0,1025,0.37
1096,multa,8eff719_189,15000,0.0,822,0.52,15000,0.0,789,0.4
1097,multa,8f01c90_393,15000,0.0,1096,0.5,15000,0.0,772,0.4
1098,multa,8f01c90_396,7351,0.29,551,0.55,15000,0.0,385,0.47
1099,multa,8f01c90_399,15000,0.0,533,0.55,15000,0.0,1290,0.35
1100,multa,8f01c90_403,8696,0.28,2773,0.42,15000,0.0,1353,0.34
1101,multa,901a837_203,15000,0.0,48,0.69,15000,0.0,285,0.51
1102,multa,901a837_229,3962,0.35,471,0.56,15000,0.0,1396,0.34
1103,multa,901a837_230,15000,0.0,927,0.51,15000,0.0,1196,0.36
1104,multa,902bedc_67,15000,0.0,466,0.56,15000,0.0,767,0.4
1105,multa,902bedc_70,15000,0.0,2462,0.43,15000,0.0,2455,0.29
1106,multa,902bedc_72,15000,0.0,729,0.53,15000,0.0,802,0.4
1107,multa,930897c_88,15000,0.0,5000,0.37,15000,0.0,3445,0.25
1108,multa,930897c_239,15000,0.0,3014,0.41,15000,0.0,3373,0.25
1109,multa,930897c_248,700,0.48,3653,0.4,15000,0.0,2157,0.3
1110,multa,930897c_249,15000,0.0,874,0.52,15000,0.0,1058,0.37
1111,multa,930897c_252,15000,0.0,2866,0.42,15000,0.0,107,0.6
1112,multa,930897c_253,15000,0.0,4457,0.38,15000,0.0,2421,0.29
1113,multa,930897c_254,15000,0.0,2197,0.44,15000,0.0,1232,0.35
1114,multa,930897c_255,15000,0.0,9714,0.3,15000,0.0,15000,0.0
1115,multa,930897c_257,15000,0.0,1942,0.45,15000,0.0,1854,0.32
1116,multa,930897c_258,8537,0.28,3327,0.4,15000,0.0,1367,0.34
1117,multa,93435af_123,15000,0.0,15000,0.0,15000,0.0,2801,0.27
1118,multa,93435af_127,15000,0.0,6388,0.34,15000,0.0,2748,0.27
1119,multa,93435af_149,15000,0.0,273,0.59,15000,0.0,181,0.56
1120,multa,93435af_151,15000,0.0,221,0.6,15000,0.0,223,0.54
1121,multa,93b0d84_44,15000,0.0,2597,0.43,15000,0.0,755,0.4
1122,multa,93b0d84_48,15000,0.0,188,0.61,15000,0.0,379,0.48
1123,multa,93b0d84_49,15000,0.0,2889,0.42,15000,0.0,1595,0.33
1124,multa,941814b_21,15000,0.0,3524,0.4,15000,0.0,4409,0.22
1125,multa,941814b_57,15000,0.0,139,0.62,15000,0.0,2079,0.3
1126,multa,941814b_157,15000,0.0,6266,0.34,15000,0.0,2326,0.29
1127,multa,941814b_165,15000,0.0,1704,0.47,15000,0.0,1449,0.34
1128,multa,941814b_175,15000,0.0,894,0.52,15000,0.0,2049,0.31
1129,multa,941814b_177,15000,0.0,772,0.53,15000,0.0,1071,0.37
1130,multa,941814b_179,15000,0.0,1780,0.46,15000,0.0,307,0.5
1131,multa,9462c2d_56,15000,0.0,1410,0.48,15000,0.0,494,0.45
1132,multa,9462c2d_69,15000,0.0,1924,0.46,15000,0.0,4422,0.22
1133,multa,9462c2d_77,15000,0.0,1149,0.5,15000,0.0,485,0.45
1134,multa,9462c2d_107,15000,0.0,2212,0.44,15000,0.0,2379,0.29
1135,multa,9462c2d_113,15000,0.0,2040,0.45,15000,0.0,2764,0.27
1136,multa,9462c2d_114,5811,0.31,479,0.56,15000,0.0,841,0.39
1137,multa,9462c2d_120,15000,0.0,5351,0.36,15000,0.0,2401,0.29
1138,multa,9462c2d_121,15000,0.0,6098,0.34,15000,0.0,3954,0.23
1139,multa,9462c2d_122,15000,0.0,4850,0.37,15000,0.0,3414,0.25
1140,multa,9462c2d_131,5699,0.32,1405,0.48,15000,0.0,1513,0.33
1141,multa,9462c2d_135,1825,0.41,1494,0.48,15000,0.0,2617,0.28
1142,multa,9462c2d_139,343,0.51,3146,0.41,15000,0.0,2451,0.29
1143,multa,9462c2d_140,15000,0.0,25,0.71,15000,0.0,72,0.62
1144,multa,964bca0_54,9744,0.27,5261,0.36,15000,0.0,2420,0.29
1145,multa,964bca0_63,15000,0.0,1722,0.47,15000,0.0,759,0.4
1146,multa,964bca0_64,15000,0.0,173,0.61,15000,0.0,128,0.58
1147,multa,964bca0_65,15000,0.0,65,0.67,15000,0.0,1092,0.36
1148,multa,972f711_62,15000,0.0,5508,0.36,15000,0.0,2273,0.3
1149,multa,972f711_67,15000,0.0,5380,0.36,15000,0.0,2529,0.29
1150,multa,972f711_73,15000,0.0,415,0.57,15000,0.0,3443,0.25
1151,multa,972f711_74,15000,0.0,1291,0.49,15000,0.0,3081,0.26
1152,multa,9b804bd_13,7848,0.29,5344,0.36,15000,0.0,4211,0.22
1153,multa,9b804bd_23,15000,0.0,1123,0.5,15000,0.0,1268,0.35
1154,multa,9b804bd_38,7306,0.3,1796,0.46,15000,0.0,813,0.39
1155,multa,9b804bd_39,15000,0.0,685,0.54,15000,0.0,1051,0.37
1156,multa,9b804bd_43,15000,0.0,73,0.66,15000,0.0,707,0.41
1157,multa,9d724a3_73,15000,0.0,1017,0.51,15000,0.0,2679,0.28
1158,multa,9d724a3_76,15000,0.0,5669,0.35,15000,0.0,4891,0.21
1159,multa,9d724a3_78,15000,0.0,2344,0.44,15000,0.0,2381,0.29
1160,multa,9d724a3_82,15000,0.0,6660,0.34,15000,0.0,4733,0.21
1161,multa,9d724a3_84,15000,0.0,1462,0.48,15000,0.0,1085,0.36
1162,multa,9d724a3_86,15000,0.0,127,0.63,15000,0.0,1460,0.34
1163,multa,9d724a3_88,15000,0.0,1252,0.49,15000,0.0,2639,0.28
1164,multa,9e306e3_48,15000,0.0,1057,0.5,15000,0.0,3440,0.25
1165,multa,a0a19ee_91,15000,0.0,1711,0.47,15000,0.0,499,0.45
1166,multa,a0a19ee_339,15000,0.0,410,0.57,15000,0.0,580,0.43
1167,multa,a0a19ee_342,15000,0.0,2363,0.43,15000,0.0,1328,0.34
1168,multa,a0a19ee_343,15000,0.0,4036,0.39,15000,0.0,1983,0.31
1169,multa,a0a19ee_344,5120,0.33,2000,0.45,15000,0.0,3037,0.26
1170,multa,a0a19ee_345,15000,0.0,3520,0.4,15000,0.0,1778,0.32
1171,multa,a0a19ee_93,15000,0.0,265,0.59,15000,0.0,475,0.45
1172,multa,a0a19ee_95,15000,0.0,2244,0.44,15000,0.0,1991,0.31
1173,multa,a0a19ee_98,15000,0.0,4149,0.38,15000,0.0,1023,0.37
1174,multa,a0a19ee_101,15000,0.0,497,0.56,15000,0.0,945,0.38
1175,multa,a0a19ee_108,4019,0.34,858,0.52,15000,0.0,1053,0.37
1176,multa,a0a19ee_109,15000,0.0,9313,0.3,15000,0.0,15000,0.0
1177,multa,a0a19ee_113,15000,0.0,2655,0.42,15000,0.0,2602,0.28
1178,multa,a0a19ee_182,15000,0.0,1138,0.5,15000,0.0,3493,0.25
1179,multa,a0a19ee_184,15000,0.0,2472,0.43,15000,0.0,1380,0.34
1180,multa,a0a19ee_203,15000,0.0,6221,0.34,15000,0.0,5040,0.2
1181,multa,a0a19ee_352,5613,0.32,1938,0.45,15000,0.0,4118,0.23
1182,multa,a0dcb6f_402,15000,0.0,1097,0.5,15000,0.0,773,0.4
1183,multa,a0dcb6f_405,7352,0.29,552,0.55,15000,0.0,386,0.47
1184,multa,a0dcb6f_408,15000,0.0,534,0.55,15000,0.0,1291,0.35
1185,multa,a0dcb6f_412,8697,0.28,2774,0.42,15000,0.0,1354,0.34
1186,multa,a187a36_151,15000,0.0,1787,0.46,15000,0.0,2068,0.31
1187,multa,a63e3ea_23,15000,0.0,2814,0.42,15000,0.0,15000,0.0
1188,multa,a63e3ea_87,15000,0.0,128,0.63,15000,0.0,1895,0.31
1189,multa,a63e3ea_97,15000,0.0,2641,0.43,15000,0.0,15000,0.0
1190,multa,a63e3ea_218,15000,0.0,1051,0.5,15000,0.0,954,0.38
1191,multa,a63e3ea_231,15000,0.0,1996,0.45,15000,0.0,1236,0.35
1192,multa,a63e3ea_266,15000,0.0,3362,0.4,15000,0.0,4026,0.23
1193,multa,a63e3ea_267,15000,0.0,540,0.55,15000,0.0,1850,0.32
1194,multa,a63e3ea_268,8144,0.29,118,0.63,15000,0.0,974,0.38
1195,multa,a63e3ea_270,15000,0.0,3316,0.4,15000,0.0,308,0.5
1196,multa,a722ac1_356,15000,0.0,3750,0.39,15000,0.0,3030,0.26
1197,multa,a722ac1_365,15000,0.0,1109,0.5,15000,0.0,451,0.46
1198,multa,a722ac1_380,15000,0.0,228,0.6,15000,0.0,294,0.51
1199,multa,a765ce8_395,15000,0.0,1098,0.5,15000,0.0,774,0.4
1200,multa,a765ce8_398,7353,0.29,553,0.55,15000,0.0,387,0.47
1201,multa,a765ce8_401,15000,0.0,535,0.55,15000,0.0,1292,0.35
1202,multa,a765ce8_405,8698,0.28,2775,0.42,15000,0.0,1355,0.34
1203,multa,aee3681_49,15000,0.0,1009,0.51,15000,0.0,398,0.47
1204,multa,aee3681_50,15000,0.0,761,0.53,15000,0.0,2074,0.31
1205,multa,aee3681_72,6065,0.31,2293,0.44,15000,0.0,304,0.51
1206,multa,aee3681_73,15000,0.0,714,0.54,15000,0.0,666,0.42
1207,multa,af82608_389,15000,0.0,1099,0.5,15000,0.0,775,0.4
1208,multa,af82608_392,7354,0.29,554,0.55,15000,0.0,388,0.47
1209,multa,af82608_395,15000,0.0,536,0.55,15000,0.0,1293,0.35
1210,multa,af82608_399,8699,0.28,2776,0.42,15000,0.0,1356,0.34
1211,multa,b016406_394,15000,0.0,1100,0.5,15000,0.0,776,0.4
1212,multa,b016406_397,7355,0.29,555,0.55,15000,0.0,389,0.47
1213,multa,b016406_400,15000,0.0,537,0.55,15000,0.0,1294,0.35
1214,multa,b016406_404,15000,0.0,4605,0.37,15000,0.0,2676,0.28
1215,multa,b04399e_22,15000,0.0,3155,0.41,15000,0.0,15000,0.0
1216,multa,b04399e_88,15000,0.0,129,0.63,15000,0.0,1896,0.31
1217,multa,b04399e_98,15000,0.0,2602,0.43,15000,0.0,4006,0.23
1218,multa,b04399e_157,15000,0.0,4057,0.39,15000,0.0,2526,0.29
1219,multa,b04399e_205,15000,0.0,15000,0.0,15000,0.0,1946,0.31
1220,multa,b04399e_211,15000,0.0,6160,0.34,15000,0.0,2305,0.29
1221,multa,b04399e_219,15000,0.0,5867,0.35,15000,0.0,1280,0.35
1222,multa,b04399e_229,15000,0.0,619,0.55,15000,0.0,2460,0.29
1223,multa,b04399e_230,15000,0.0,1293,0.49,15000,0.0,3448,0.25
1224,multa,b04399e_232,15000,0.0,3286,0.4,15000,0.0,319,0.5
1225,multa,b04399e_236,15000,0.0,163,0.61,15000,0.0,129,0.58
1226,multa,b107cc9_96,15000,0.0,15000,0.0,15000,0.0,15000,0.0
1227,multa,b107cc9_121,15000,0.0,948,0.51,15000,0.0,1709,0.32
1228,multa,b107cc9_140,15000,0.0,3194,0.41,15000,0.0,3346,0.25
1229,multa,b107cc9_150,15000,0.0,1644,0.47,15000,0.0,93,0.61
1230,multa,b107cc9_159,15000,0.0,6276,0.34,15000,0.0,2771,0.27
1231,multa,b107cc9_208,15000,0.0,1987,0.45,15000,0.0,898,0.38
1232,multa,b107cc9_209,15000,0.0,1696,0.47,15000,0.0,1839,0.32
1233,multa,b107cc9_213,15000,0.0,122,0.63,15000,0.0,296,0.51
1234,multa,b107cc9_215,15000,0.0,2234,0.44,15000,0.0,3092,0.26
1235,multa,b107cc9_217,15000,0.0,4095,0.39,15000,0.0,15000,0.0
1236,multa,b107cc9_222,15000,0.0,6464,0.34,15000,0.0,881,0.38
1237,multa,b107cc9_227,8469,0.28,983,0.51,15000,0.0,1065,0.37
1238,multa,b107cc9_228,15000,0.0,32,0.7,15000,0.0,45,0.65
1239,multa,b107cc9_229,990,0.45,4341,0.38,15000,0.0,1159,0.36
1240,multa,b189d15_559,15000,0.0,262,0.59,15000,0.0,77,0.62
1241,multa,b189d15_568,15000,0.0,3844,0.39,15000,0.0,15000,0.0
1242,multa,b189d15_569,15000,0.0,563,0.55,15000,0.0,1561,0.33
1243,multa,b189d15_572,15000,0.0,6528,0.34,15000,0.0,4798,0.21
1244,multa,b2ef15f_90,15000,0.0,6166,0.34,15000,0.0,2408,0.29
1245,multa,b2ef15f_96,15000,0.0,15000,0.0,15000,0.0,15000,0.0
1246,multa,b2ef15f_101,15000,0.0,15000,0.0,15000,0.0,3569,0.24
1247,multa,b2ef15f_108,1701,0.42,282,0.59,15000,0.0,2293,0.29
1248,multa,b3d21c2_40,15000,0.0,3044,0.41,15000,0.0,15000,0.0
1249,multa,b3d21c2_50,15000,0.0,1124,0.5,15000,0.0,1269,0.35
1250,multa,b3d21c2_61,15000,0.0,2403,0.43,15000,0.0,3699,0.24
1251,multa,b3d21c2_66,1262,0.43,711,0.54,15000,0.0,3715,0.24
1252,multa,b3d21c2_73,15000,0.0,212,0.6,15000,0.0,639,0.42
1253,multa,b3d21c2_77,15000,0.0,105,0.64,15000,0.0,377,0.48
1254,multa,b3d21c2_79,15000,0.0,804,0.52,15000,0.0,1038,0.37
1255,multa,b3d21c2_80,15000,0.0,5080,0.37,15000,0.0,2506,0.29
1256,multa,b3d21c2_81,15000,0.0,4027,0.39,15000,0.0,3750,0.24
1257,multa,b3d21c2_87,15000,0.0,203,0.61,15000,0.0,462,0.46
1258,multa,b3d21c2_90,4295,0.34,2105,0.45,15000,0.0,1314,0.35
1259,multa,b3d21c2_91,15000,0.0,920,0.51,15000,0.0,1867,0.32
1260,multa,b3d21c2_95,15000,0.0,1426,0.48,15000,0.0,808,0.39
1261,multa,b3d21c2_98,15000,0.0,1316,0.49,15000,0.0,715,0.41
1262,multa,b3d21c2_106,15000,0.0,280,0.59,15000,0.0,209,0.55
1263,multa,b3d21c2_116,15000,0.0,6971,0.33,15000,0.0,2203,0.3
1264,multa,b3d21c2_126,15000,0.0,2337,0.44,15000,0.0,4351,0.22
1265,multa,b821b11_208,15000,0.0,7130,0.33,15000,0.0,4311,0.22
1266,multa,b821b11_215,15000,0.0,4065,0.39,15000,0.0,1284,0.35
1267,multa,b821b11_221,15000,0.0,972,0.51,15000,0.0,468,0.46
1268,multa,b821b11_238,15000,0.0,527,0.55,15000,0.0,704,0.41
1269,multa,b821b11_239,15000,0.0,701,0.54,15000,0.0,4658,0.21
1270,multa,b821b11_243,6679,0.3,368,0.57,15000,0.0,989,0.37
1271,multa,b8922be_70,15000,0.0,856,0.52,15000,0.0,3736,0.24
1272,multa,b8bb2bb_343,15000,0.0,5282,0.36,15000,0.0,1048,0.37
1273,multa,b8bb2bb_366,15000,0.0,1208,0.49,15000,0.0,1160,0.36
1274,multa,b8bb2bb_367,15000,0.0,5070,0.37,15000,0.0,3023,0.26
1275,multa,b8bb2bb_368,15000,0.0,2955,0.42,15000,0.0,2260,0.3
1276,multa,b8bb2bb_375,15000,0.0,2158,0.45,15000,0.0,4039,0.23
1277,multa,b8cd173_159,15000,0.0,1633,0.47,15000,0.0,407,0.47
1278,multa,b8cd173_165,15000,0.0,1869,0.46,15000,0.0,1453,0.34
1279,multa,b8ff0ff_184,4435,0.34,3336,0.4,15000,0.0,2534,0.28
1280,multa,b8ff0ff_194,344,0.51,3147,0.41,15000,0.0,2452,0.29
1281,multa,b8ff0ff_196,15000,0.0,28,0.71,15000,0.0,74,0.62
1282,multa,b8ff0ff_197,15000,0.0,335,0.58,15000,0.0,56,0.64
1283,multa,b8ff0ff_199,15000,0.0,2892,0.42,15000,0.0,834,0.39
1284,multa,b8ff0ff_203,15000,0.0,651,0.54,15000,0.0,638,0.42
1285,multa,cd11969_45,15000,0.0,2111,0.45,15000,0.0,15000,0.0
1286,multa,cd11969_55,15000,0.0,1040,0.5,15000,0.0,1188,0.36
1287,multa,cd11969_70,2022,0.4,615,0.55,15000,0.0,2993,0.26
1288,multa,cd11969_84,15000,0.0,464,0.56,15000,0.0,970,0.38
1289,multa,cd11969_85,15000,0.0,805,0.52,15000,0.0,1039,0.37
1290,multa,cd11969_86,15000,0.0,5081,0.37,15000,0.0,2507,0.29
1291,multa,cd11969_93,15000,0.0,789,0.53,15000,0.0,871,0.39
1292,multa,cd11969_95,4296,0.34,2106,0.45,15000,0.0,1315,0.35
1293,multa,cd11969_96,15000,0.0,194,0.61,15000,0.0,54,0.64
1294,multa,cd11969_97,15000,0.0,72,0.66,15000,0.0,253,0.53
1295,multa,cd11969_98,15000,0.0,155,0.62,15000,0.0,980,0.38
1296,multa,cd11969_99,15000,0.0,237,0.6,15000,0.0,277,0.52
1297,multa,cd11969_102,15000,0.0,1424,0.48,15000,0.0,685,0.41
1298,multa,cd11969_105,15000,0.0,3125,0.41,15000,0.0,2312,0.29
1299,multa,cd11969_106,15000,0.0,1630,0.47,15000,0.0,505,0.45
1300,multa,cd11969_110,15000,0.0,316,0.58,15000,0.0,290,0.51
1301,multa,cd11969_128,15000,0.0,603,0.55,15000,0.0,2023,0.31
1302,multa,cddbed6_81,15000,0.0,402,0.57,15000,0.0,997,0.37
1303,multa,cddbed6_83,15000,0.0,583,0.55,15000,0.0,1308,0.35
1304,multa,cddbed6_87,5819,0.31,1013,0.51,15000,0.0,987,0.37
1305,multa,cddbed6_97,9261,0.27,364,0.57,15000,0.0,2070,0.31
1306,multa,cddbed6_100,5201,0.32,1685,0.47,15000,0.0,15000,0.0
1307,multa,cddbed6_113,2774,0.38,413,0.57,15000,0.0,625,0.42
1308,multa,ce2bd55_44,3765,0.35,4539,0.38,15000,0.0,405,0.47
1309,multa,ce2bd55_78,15000,0.0,3797,0.39,15000,0.0,2862,0.27
1310,multa,ce2bd55_84,6934,0.3,4939,0.37,15000,0.0,4005,0.23
1311,multa,ce2bd55_87,15000,0.0,893,0.52,15000,0.0,4049,0.23
1312,multa,ce2bd55_91,15000,0.0,1418,0.48,15000,0.0,1187,0.36
1313,multa,ce2bd55_95,15000,0.0,1087,0.5,15000,0.0,1247,0.35
1314,multa,cefe040_76,15000,0.0,886,0.52,15000,0.0,1097,0.36
1315,multa,cefe040_81,15000,0.0,1164,0.5,15000,0.0,1070,0.37
1316,multa,cefe040_90,8723,0.28,1044,0.5,15000,0.0,3708,0.24
1317,multa,cefe040_92,15000,0.0,268,0.59,15000,0.0,101,0.61
1318,multa,cfe0ee3_97,15000,0.0,3233,0.41,15000,0.0,706,0.41
1319,multa,cfe0ee3_219,15000,0.0,1573,0.47,15000,0.0,1320,0.35
1320,multa,cfe0ee3_227,7575,0.29,654,0.54,15000,0.0,1010,0.37
1321,multa,cfe0ee3_230,15000,0.0,39,0.7,15000,0.0,58,0.63
1322,multa,cfe0ee3_99,15000,0.0,2144,0.45,15000,0.0,2563,0.28
1323,multa,cfe0ee3_100,15000,0.0,689,0.54,15000,0.0,566,0.43
1324,multa,cfe0ee3_103,15000,0.0,704,0.54,15000,0.0,334,0.49
1325,multa,cfe0ee3_107,5121,0.33,2001,0.45,15000,0.0,3038,0.26
1326,multa,cfe0ee3_108,15000,0.0,3521,0.4,15000,0.0,1779,0.32
1327,multa,cfe0ee3_114,5313,0.32,784,0.53,15000,0.0,991,0.37
1328,multa,cfe0ee3_136,15000,0.0,4038,0.39,15000,0.0,3856,0.23
1329,multa,cfe0ee3_141,15000,0.0,2926,0.42,15000,0.0,3542,0.24
1330,multa,cfe0ee3_154,15000,0.0,7955,0.32,15000,0.0,15000,0.0
1331,multa,d2bbc34_58,15000,0.0,7462,0.32,15000,0.0,15000,0.0
1332,multa,d2bbc34_130,15000,0.0,3784,0.39,15000,0.0,832,0.39
1333,multa,d2bbc34_138,15000,0.0,2576,0.43,15000,0.0,875,0.39
1334,multa,d2bbc34_149,15000,0.0,1393,0.48,15000,0.0,766,0.4
1335,multa,d2bbc34_151,7423,0.29,325,0.58,15000,0.0,37,0.65
1336,multa,d2bbc34_156,15000,0.0,526,0.55,15000,0.0,943,0.38
1337,multa,d2bbc34_164,9334,0.27,907,0.51,15000,0.0,1130,0.36
1338,multa,d2bbc34_185,15000,0.0,53,0.68,15000,0.0,596,0.43
1339,multa,d2bbc34_194,15000,0.0,1572,0.47,15000,0.0,2041,0.31
1340,multa,d2bbc34_197,95,0.59,1584,0.47,15000,0.0,2105,0.3
1341,multa,d66d6a2_110,15000,0.0,1569,0.47,15000,0.0,1076,0.37
1342,multa,d66d6a2_113,4827,0.33,579,0.55,15000,0.0,2150,0.3
1343,multa,d66d6a2_114,15000,0.0,11,0.74,15000,0.0,49,0.64
1344,multa,d66d6a2_131,15000,0.0,4811,0.37,15000,0.0,15000,0.0
1345,multa,d79b35d_37,15000,0.0,3045,0.41,15000,0.0,15000,0.0
1346,multa,d79b35d_47,15000,0.0,904,0.51,15000,0.0,1283,0.35
1347,multa,d79b35d_62,1758,0.41,611,0.55,15000,0.0,3075,0.26
1348,multa,d79b35d_76,15000,0.0,1931,0.45,15000,0.0,1951,0.31
1349,multa,d79b35d_78,15000,0.0,806,0.52,15000,0.0,1040,0.37
1350,multa,d79b35d_79,15000,0.0,4260,0.38,15000,0.0,2471,0.29
1351,multa,d79b35d_80,15000,0.0,3921,0.39,15000,0.0,3377,0.25
1352,multa,d79b35d_87,15000,0.0,5706,0.35,15000,0.0,1977,0.31
1353,multa,d79b35d_88,3231,0.36,1363,0.48,15000,0.0,1002,0.37
1354,multa,d79b35d_89,15000,0.0,209,0.6,15000,0.0,66,0.63
1355,multa,d79b35d_90,15000,0.0,171,0.61,15000,0.0,326,0.5
1356,multa,d79b35d_91,15000,0.0,182,0.61,15000,0.0,903,0.38
1357,multa,d79b35d_92,15000,0.0,244,0.6,15000,0.0,261,0.52
1358,multa,d79b35d_95,15000,0.0,1373,0.48,15000,0.0,939,0.38
1359,multa,d79b35d_98,15000,0.0,3126,0.41,15000,0.0,2313,0.29
1360,multa,d79b35d_99,15000,0.0,1631,0.47,15000,0.0,506,0.45
1361,multa,d79b35d_106,15000,0.0,317,0.58,15000,0.0,291,0.51
1362,multa,d79b35d_124,15000,0.0,604,0.55,15000,0.0,2024,0.31
1363,multa,db5877b_390,15000,0.0,1101,0.5,15000,0.0,777,0.4
1364,multa,db5877b_393,7356,0.29,556,0.55,15000,0.0,390,0.47
1365,multa,db5877b_396,15000,0.0,538,0.55,15000,0.0,1295,0.35
1366,multa,db5877b_400,8700,0.28,2777,0.42,15000,0.0,1357,0.34
1367,multa,dd6b5ad_71,15000,0.0,889,0.52,15000,0.0,3737,0.24
1368,multa,dd7b815_167,15000,0.0,2058,0.45,15000,0.0,1515,0.33
1369,multa,df5ecd4_99,994,0.45,2235,0.44,15000,0.0,4221,0.22
1370,multa,df5ecd4_160,15000,0.0,5001,0.37,15000,0.0,15000,0.0
1371,multa,df5ecd4_178,8505,0.28,5287,0.36,15000,0.0,2094,0.3
1372,multa,df5ecd4_181,15000,0.0,187,0.61,15000,0.0,90,0.61
1373,multa,df5ecd4_182,15000,0.0,126,0.63,15000,0.0,32,0.66
1374,multa,df5ecd4_183,15000,0.0,5167,0.36,15000,0.0,15000,0.0
1375,multa,df5ecd4_184,3963,0.35,472,0.56,15000,0.0,1397,0.34
1376,multa,df5ecd4_186,15000,0.0,130,0.63,15000,0.0,205,0.55
1377,multa,df5ecd4_188,15000,0.0,4465,0.38,15000,0.0,3565,0.24
1378,multa,e18d168_266,15000,0.0,1492,0.48,15000,0.0,4023,0.23
1379,multa,e18d168_267,15000,0.0,4658,0.37,15000,0.0,15000,0.0
1380,multa,e18d168_268,15000,0.0,1729,0.47,15000,0.0,1090,0.36
1381,multa,e18d168_270,15000,0.0,851,0.52,15000,0.0,1262,0.35
1382,multa,e18d168_289,6685,0.3,2624,0.43,15000,0.0,1959,0.31
1383,multa,e18d168_298,15000,0.0,499,0.56,15000,0.0,1694,0.33
1384,multa,e18d168_301,15000,0.0,2347,0.43,15000,0.0,1577,0.33
1385,multa,e18d168_313,15000,0.0,475,0.56,15000,0.0,2881,0.27
1386,multa,e18d168_314,15000,0.0,1134,0.5,15000,0.0,403,0.47
1387,multa,e18d168_316,15000,0.0,174,0.61,15000,0.0,703,0.41
1388,multa,e18d168_322,15000,0.0,175,0.61,15000,0.0,361,0.48
1389,multa,e18d168_324,15000,0.0,320,0.58,15000,0.0,801,0.4
1390,multa,e1cd38f_140,15000,0.0,1826,0.46,15000,0.0,3316,0.25
1391,multa,e1cd38f_154,15000,0.0,2200,0.44,15000,0.0,1808,0.32
1392,multa,e1cd38f_156,15000,0.0,2473,0.43,15000,0.0,1381,0.34
1393,multa,e1cd38f_160,15000,0.0,1726,0.47,15000,0.0,893,0.38
1394,multa,e1cd38f_162,7004,0.3,5183,0.36,15000,0.0,4715,0.21
1395,multa,e2a3198_388,15000,0.0,1102,0.5,15000,0.0,778,0.4
1396,multa,e2a3198_391,7357,0.29,557,0.55,15000,0.0,391,0.47
1397,multa,e2a3198_394,15000,0.0,539,0.55,15000,0.0,1296,0.35
1398,multa,e2a3198_398,8701,0.28,2778,0.42,15000,0.0,1358,0.34
1399,multa,e33e6ef_29,15000,0.0,835,0.52,15000,0.0,3731,0.24
1400,multa,e33e6ef_61,15000,0.0,6629,0.34,15000,0.0,2711,0.28
1401,multa,e33e6ef_62,15000,0.0,157,0.62,15000,0.0,1762,0.32
1402,multa,e33e6ef_63,15000,0.0,81,0.66,15000,0.0,817,0.39
1403,multa,e406275_61,15000,0.0,950,0.51,15000,0.0,442,0.46
1404,multa,e406275_63,15000,0.0,336,0.58,15000,0.0,894,0.38
1405,multa,e406275_64,15000,0.0,15000,0.0,15000,0.0,15000,0.0
1406,multa,e406275_65,15000,0.0,159,0.62,15000,0.0,1105,0.36
1407,multa,e406275_67,15000,0.0,198,0.61,15000,0.0,531,0.44
1408,multa,e406275_75,4020,0.34,859,0.52,15000,0.0,1054,0.37
1409,multa,e4e4d6c_40,15000,0.0,179,0.61,15000,0.0,57,0.64
1410,multa,e4e4d6c_44,15000,0.0,575,0.55,15000,0.0,2317,0.29
1411,multa,e4e4d6c_46,15000,0.0,1050,0.5,15000,0.0,3225,0.25
1412,multa,e4e4d6c_56,15000,0.0,1103,0.5,15000,0.0,620,0.42
1413,multa,e546927_73,15000,0.0,657,0.54,15000,0.0,1718,0.32
1414,multa,e546927_74,7333,0.29,1472,0.48,15000,0.0,2054,0.31
1415,multa,e546927_78,15000,0.0,1583,0.47,15000,0.0,1056,0.37
1416,multa,e5e0011_88,15000,0.0,2245,0.44,15000,0.0,606,0.42
1417,multa,e5e0011_210,15000,0.0,1052,0.5,15000,0.0,675,0.41
1418,multa,e5e0011_218,7576,0.29,655,0.54,15000,0.0,1011,0.37
1419,multa,e5e0011_221,15000,0.0,40,0.7,15000,0.0,59,0.63
1420,multa,e5e0011_90,15000,0.0,991,0.51,15000,0.0,947,0.38
1421,multa,e5e0011_91,15000,0.0,690,0.54,15000,0.0,567,0.43
1422,multa,e5e0011_94,15000,0.0,705,0.54,15000,0.0,335,0.49
1423,multa,e5e0011_98,5122,0.33,2002,0.45,15000,0.0,3039,0.26
1424,multa,e5e0011_99,15000,0.0,3522,0.4,15000,0.0,1780,0.32
1425,multa,e5e0011_105,5314,0.32,785,0.53,15000,0.0,992,0.37
1426,multa,e5e0011_128,15000,0.0,4039,0.39,15000,0.0,3857,0.23
1427,multa,e5e0011_133,15000,0.0,1650,0.47,15000,0.0,1898,0.31
1428,multa,e5e0011_146,15000,0.0,4715,0.37,15000,0.0,3157,0.26
1429,multa,ea91c69_161,15000,0.0,1392,0.48,15000,0.0,613,0.42
1430,multa,ea91c69_366,15000,0.0,8994,0.3,15000,0.0,2790,0.27
1431,multa,ea91c69_368,15000,0.0,3135,0.41,15000,0.0,1640,0.33
1432,multa,ea91c69_369,5123,0.33,2003,0.45,15000,0.0,3040,0.26
1433,multa,ea91c69_370,15000,0.0,3523,0.4,15000,0.0,1781,0.32
1434,multa,ea91c69_163,15000,0.0,827,0.52,15000,0.0,719,0.41
1435,multa,ea91c69_164,15000,0.0,15000,0.0,15000,0.0,5221,0.2
1436,multa,ea91c69_166,15000,0.0,199,0.61,15000,0.0,532,0.44
1437,multa,ea91c69_174,4021,0.34,860,0.52,15000,0.0,1055,0.37
1438,multa,ea91c69_220,15000,0.0,4514,0.38,15000,0.0,4111,0.23
1439,multa,ea91c69_226,15000,0.0,1914,0.46,15000,0.0,2263,0.3
1440,multa,ea91c69_266,15000,0.0,276,0.59,15000,0.0,796,0.4
1441,multa,ea91c69_376,5614,0.32,1939,0.45,15000,0.0,4119,0.23
1442,multa,eaf4e0d_97,15000,0.0,1324,0.48,15000,0.0,1581,0.33
1443,multa,eaf4e0d_98,15000,0.0,1308,0.49,15000,0.0,2521,0.29
1444,multa,eaf4e0d_116,15000,0.0,2270,0.44,15000,0.0,737,0.4
1445,multa,eaf4e0d_124,15000,0.0,2872,0.42,15000,0.0,3840,0.23
1446,multa,eaf4e0d_125,15000,0.0,206,0.6,15000,0.0,526,0.44
1447,multa,eaf4e0d_135,355,0.51,2748,0.42,15000,0.0,2063,0.31
1448,multa,eb2af8d_79,15000,0.0,1177,0.49,15000,0.0,2917,0.27
1449,multa,eb2af8d_109,15000,0.0,487,0.56,15000,0.0,1014,0.37
1450,multa,eb2af8d_110,41,0.64,4813,0.37,15000,0.0,15000,0.0
1451,multa,eb2af8d_111,15000,0.0,1016,0.51,15000,0.0,4151,0.23
1452,multa,eb2af8d_117,345,0.51,3148,0.41,15000,0.0,2453,0.29
1453,multa,eb2af8d_119,15000,0.0,26,0.71,15000,0.0,73,0.62
1454,multa,eb2af8d_120,15000,0.0,4051,0.39,15000,0.0,5190,0.2
1455,multa,eb2af8d_135,15000,0.0,1866,0.46,15000,0.0,2517,0.29
1456,multa,eb2af8d_137,15000,0.0,1765,0.46,15000,0.0,2477,0.29
1457,multa,eb99685_182,9923,0.27,2148,0.45,15000,0.0,2937,0.26
1458,multa,eb99685_195,15000,0.0,301,0.58,15000,0.0,592,0.43
1459,multa,eb99685_198,15000,0.0,1161,0.5,15000,0.0,15000,0.0
1460,multa,eb99685_208,15000,0.0,6555,0.34,15000,0.0,2555,0.28
1461,multa,eb99685_216,8357,0.28,5668,0.35,15000,0.0,2659,0.28
1462,multa,eb99685_219,15000,0.0,2600,0.43,15000,0.0,4337,0.22
1463,multa,eb99685_221,15000,0.0,1974,0.45,15000,0.0,3553,0.24
1464,multa,ebcc815_101,15000,0.0,1827,0.46,15000,0.0,3317,0.25
1465,multa,ebcc815_105,5312,0.32,3006,0.41,15000,0.0,3607,0.24
1466,multa,ebcc815_108,5870,0.31,351,0.58,15000,0.0,583,0.43
1467,multa,ebcc815_109,15000,0.0,1893,0.46,15000,0.0,1095,0.36
1468,multa,ebcc815_111,7005,0.3,5184,0.36,15000,0.0,4716,0.21
1469,multa,ebcc815_113,15000,0.0,1361,0.48,15000,0.0,3370,0.25
1470,multa,ebcc815_116,15000,0.0,3102,0.41,15000,0.0,1195,0.36
1471,multa,eefa471_102,15000,0.0,2223,0.44,15000,0.0,4971,0.21
1472,multa,eefa471_117,15000,0.0,1179,0.49,15000,0.0,814,0.39
1473,multa,eefa471_125,15000,0.0,5157,0.36,15000,0.0,1937,0.31
1474,multa,eefa471_132,15000,0.0,255,0.59,15000,0.0,33,0.66
1475,multa,eefa471_133,4128,0.34,9601,0.3,15000,0.0,2686,0.28
1476,multa,eefa471_141,701,0.48,3654,0.4,15000,0.0,2158,0.3
1477,multa,eefa471_162,15000,0.0,1365,0.48,15000,0.0,545,0.44
1478,multa,eefa471_169,15000,0.0,15000,0.0,15000,0.0,15000,0.0
1479,multa,eefa471_170,15000,0.0,647,0.54,15000,0.0,3079,0.26
1480,multa,eefa471_172,15000,0.0,617,0.55,15000,0.0,2356,0.29
1481,multa,f13fd1f_147,15000,0.0,1114,0.5,15000,0.0,716,0.41
1482,multa,f13fd1f_155,15000,0.0,944,0.51,15000,0.0,594,0.43
1483,multa,f13fd1f_165,15000,0.0,484,0.56,15000,0.0,2250,0.3
1484,multa,f13fd1f_166,7737,0.29,447,0.56,15000,0.0,2616,0.28
1485,multa,f13fd1f_168,15000,0.0,348,0.58,15000,0.0,80,0.62
1486,multa,f162ca0_38,15000,0.0,4060,0.39,15000,0.0,15000,0.0
1487,multa,f162ca0_48,15000,0.0,1148,0.5,15000,0.0,1190,0.36
1488,multa,f162ca0_62,2023,0.4,616,0.55,15000,0.0,2994,0.26
1489,multa,f162ca0_77,15000,0.0,4387,0.38,15000,0.0,1882,0.31
1490,multa,f162ca0_79,15000,0.0,807,0.52,15000,0.0,1041,0.37
1491,multa,f162ca0_80,15000,0.0,5620,0.35,15000,0.0,2675,0.28
1492,multa,f162ca0_81,15000,0.0,3922,0.39,15000,0.0,3378,0.25
1493,multa,f162ca0_89,4011,0.34,2075,0.45,15000,0.0,1501,0.34
1494,multa,f162ca0_90,15000,0.0,210,0.6,15000,0.0,67,0.63
1495,multa,f162ca0_91,15000,0.0,172,0.61,15000,0.0,327,0.5
1496,multa,f162ca0_92,15000,0.0,156,0.62,15000,0.0,981,0.38
1497,multa,f162ca0_93,15000,0.0,278,0.59,15000,0.0,269,0.52
1498,multa,f162ca0_96,15000,0.0,1374,0.48,15000,0.0,940,0.38
1499,multa,f162ca0_99,15000,0.0,1607,0.47,15000,0.0,2147,0.3
1500,multa,f162ca0_105,15000,0.0,373,0.57,15000,0.0,281,0.51
1501,multa,f162ca0_122,15000,0.0,605,0.55,15000,0.0,2025,0.31
1502,multa,f35c8d1_22,15000,0.0,2016,0.45,15000,0.0,2389,0.29
1503,multa,f35c8d1_177,15000,0.0,473,0.56,15000,0.0,548,0.44
1504,multa,f35c8d1_188,4218,0.34,8963,0.3,15000,0.0,3300,0.25
1505,multa,f35c8d1_201,15000,0.0,512,0.55,15000,0.0,2155,0.3
1506,multa,f35c8d1_202,15000,0.0,544,0.55,15000,0.0,2481,0.29
1507,multa,f35c8d1_204,15000,0.0,3287,0.4,15000,0.0,320,0.5
1508,multa,f5d3dd3_70,15000,0.0,3059,0.41,15000,0.0,1616,0.33
1509,multa,f5d3dd3_109,15000,0.0,2162,0.45,15000,0.0,901,0.38
1510,multa,f5d3dd3_110,3410,0.36,2073,0.45,15000,0.0,3422,0.25
1511,multa,f5d3dd3_117,15000,0.0,500,0.56,15000,0.0,1783,0.32
1512,multa,f5d3dd3_118,15000,0.0,84,0.65,15000,0.0,19,0.68
1513,multa,f5d3dd3_119,15000,0.0,362,0.58,15000,0.0,546,0.44
1514,multa,f5d3dd3_122,15000,0.0,397,0.57,15000,0.0,406,0.47
1515,multa,f5d3dd3_136,15000,0.0,2466,0.43,15000,0.0,2174,0.3
1516,multa,f5d3dd3_142,15000,0.0,606,0.55,15000,0.0,2026,0.31
1517,multa,f6b2045_567,15000,0.0,263,0.59,15000,0.0,78,0.62
1518,multa,f6b2045_576,15000,0.0,232,0.6,15000,0.0,2665,0.28
1519,multa,f6b2045_577,15000,0.0,564,0.55,15000,0.0,1562,0.33
1520,multa,f6b2045_580,15000,0.0,7292,0.33,15000,0.0,3518,0.25
1521,multa,f6b2045_581,15000,0.0,732,0.53,15000,0.0,4293,0.22
1522,multa,fa20955_22,15000,0.0,2802,0.42,15000,0.0,15000,0.0
1523,multa,fa20955_81,15000,0.0,8055,0.32,15000,0.0,15000,0.0
1524,multa,fa20955_84,15000,0.0,98,0.64,15000,0.0,2169,0.3
1525,multa,fa20955_93,15000,0.0,6627,0.34,15000,0.0,2791,0.27
1526,multa,fa20955_212,15000,0.0,985,0.51,15000,0.0,543,0.44
1527,multa,fa20955_221,15000,0.0,485,0.56,15000,0.0,1822,0.32
1528,multa,fa20955_222,229,0.54,1671,0.47,15000,0.0,15000,0.0
1529,multa,fa20955_225,15000,0.0,186,0.61,15000,0.0,1170,0.36
1530,multa,fa20955_227,15000,0.0,474,0.56,15000,0.0,345,0.49
1531,multa,fa20955_228,15000,0.0,110,0.64,15000,0.0,182,0.56
1532,multa,fae05b2_94,15000,0.0,8973,0.3,15000,0.0,3105,0.26
1533,multa,fae05b2_97,15000,0.0,5985,0.35,15000,0.0,2875,0.27
1534,multa,fae05b2_109,9777,0.27,371,0.57,15000,0.0,124,0.59
1535,multa,fae05b2_111,15000,0.0,6,0.77,15000,0.0,25,0.68
1536,multa,fc7393e_257,15000,0.0,1944,0.45,15000,0.0,1591,0.33
1537,multa,fe2403d_75,15000,0.0,1806,0.46,15000,0.0,2770,0.27
1538,multa,fe2403d_86,15000,0.0,686,0.54,15000,0.0,538,0.44
1539,multa,fe2403d_88,15000,0.0,3632,0.4,15000,0.0,3862,0.23
1540,multa,fe2403d_89,15000,0.0,5209,0.36,15000,0.0,2628,0.28
1541,multa,fe2403d_101,15000,0.0,1864,0.46,15000,0.0,1115,0.36
1542,multa,fe2403d_112,15000,0.0,608,0.55,15000,0.0,1246,0.35
1543,multa,fe2403d_114,15000,0.0,624,0.54,15000,0.0,628,0.42
1544,multa,ff41a50_133,15000,0.0,3904,0.39,15000,0.0,15000,0.0
1545,multa,ff41a50_221,15000,0.0,2428,0.43,15000,0.0,982,0.38
1546,multa,ff41a50_224,15000,0.0,930,0.51,15000,0.0,1221,0.35
1547,multa,ff41a50_225,15000,0.0,1632,0.47,15000,0.0,2139,0.3
1548,multa,ff41a50_226,15000,0.0,4428,0.38,15000,0.0,15000,0.0
1549,multa,ff41a50_247,5735,0.32,2286,0.44,15000,0.0,306,0.5
1550,multa,ff41a50_248,15000,0.0,1313,0.49,15000,0.0,754,0.4
